年月,2013年1月,2013年2月,2013年3月,2013年4月,2013年5月,2013年6月,2013年7月,2013年8月,2013年9月,2013年10月,2013年11月,2013年12月,2014年1月,2014年2月,2014年3月,2014年4月,2014年5月,2014年6月,2014年7月,2014年8月,2014年9月,2014年10月,2014年11月,2014年12月,2015年1月,2015年2月,2015年3月,2015年4月,2015年5月,2015年6月,2015年7月,2015年8月,2015年9月,2015年10月,2015年11月,2015年12月,2016年1月,2016年2月,2016年3月,2016年4月,2016年5月,2016年6月,2016年7月,2016年8月,2016年9月,2016年10月,2016年11月,2016年12月,2017年1月,2017年2月,2017年3月,2017年4月,2017年5月,2017年6月,2017年7月,2017年8月,2017年9月,2017年10月,2017年11月,2017年12月,2018年1月,2018年2月,2018年3月,2018年4月,2018年5月,2018年6月,2018年7月,2018年8月,2018年9月,2018年10月,2018年11月,2018年12月,2019年1月,2019年2月,2019年3月,2019年4月,2019年5月,2019年6月,2019年7月,2019年8月,2019年9月,2019年10月,2019年11月,2019年12月,2020年1月,2020年2月,2020年3月,2020年4月,2020年5月,2020年6月,2020年7月,2020年8月,2020年9月,2020年10月,2020年11月,2020年12月,2021年1月,2021年2月,2021年3月,2021年4月,2021年5月,2021年6月,2021年7月,2021年8月,2021年9月,2021年10月,2021年11月,2021年12月,2022年1月,2022年2月,2022年3月,2022年4月,2022年5月,2022年6月,2022年7月,2022年8月,2022年9月,2022年10月,2022年11月,2022年12月,2023年1月,2023年2月,2023年3月
表紙,「GA 芸術科アートデザインクラス」,「ひだまりスケッチ」オリジナルクリアしおり,「GA 芸術科アートデザインクラス」,「Aチャンネル」,「キルミーベイベー」,「GA 芸術科アートデザインクラス」,「Aチャンネル」,「Aチャンネル」,「GA 芸術科アートデザインクラス」,「ひだまりスケッチ」,「Aチャンネル」,「GA 芸術科アートデザインクラス」,「Aチャンネル」,「GA 芸術科アートデザインクラス」,「ひだまりスケッチ」,「Aチャンネル」,「キルミーベイベー」,「ひだまりスケッチ」,「GA 芸術科アートデザインクラス」,「Aチャンネル」,「ひだまりスケッチ」,「GA 芸術科アートデザインクラス」,「Aチャンネル」,「NEW GAME!」,「ひだまりスケッチ」,「ひだまりスケッチ」,「GA 芸術科アートデザインクラス」,「ひだまりスケッチ」,「Aチャンネル」,「キルミーベイベー」,「GA 芸術科アートデザインクラス」,「ひだまりスケッチ」,「Aチャンネル」,「NEW GAME!」描き下ろしクリアしたじき,「連載陣描き下ろし絵はがきセット」,「NEW GAME!」,「GA 芸術科アートデザインクラス」,「NEW GAME!」,「NEW GAME!」,「ひだまりスケッチ」,「Aチャンネル」,「NEW GAME!」,「NEW GAME!」,「キルミーベイベー」,「NEW GAME!」,「NEW GAME!」,「NEW GAME!」,「NEW GAME!」,「ひだまりスケッチ」,「ブレンド・S」,「ブレンド・S」,「NEW GAME!」,「Aチャンネル」,「すわっぷ⇔すわっぷ」,「ブレンド・S」,「NEW GAME!」,「NEW GAME!」,「NEW GAME!」,「ブレンド・S」,「ブレンド・S」,「ブレンド・S」,「ブレンド・S」,「アニマエール!」,「ひだまりスケッチ」,「NEW GAME!」,「アニマエール!」,「Aチャンネル」,「ブレンド・S」,「アニマエール!」,「NEW GAME!」,「アニマエール!」,「アニマエール!」,「アニマエール!」,「アニマエール!」,「まちカドまぞく」」,「恋する小惑星」,「おちこぼれフルーツタルト」,「まちカドまぞく」,「NEW GAME!」,「まちカドまぞく」,「まちカドまぞく」,「まちカドまぞく」,「まちカドまぞく」,「Aチャンネル」,「おちこぼれフルーツタルト」,「恋する小惑星」,「恋する小惑星」,「恋する小惑星」,「恋する小惑星」,「まちカドまぞく」,「NEW GAME!」,「Aチャンネル」,「紡ぐ乙女と大正の月」,「まちカドまぞく」,「おちこぼれフルーツタルト」,「おちこぼれフルーツタルト」,「Aチャンネル」,「おちこぼれフルーツタルト」,「mono」,「RPG不動産」,「NEW GAME!」,「キルミーベイベー」,「RPG不動産」,「ブレンド・S」,「ひだまりスケッチ」,「NEW GAME!」,「紡ぐ乙女と大正の月」,「おちこぼれフルーツタルト」,「RPG不動産」,「恋する小惑星」,「RPG不動産」,「ブレンド・S」,「RPG不動産」,「RPG不動産」,「RPG不動産」,「RPG不動産」,「ばっどがーる」,「紡ぐ乙女と大正の月」,「ササエルの中には誰もいない」,「mono」,「またぞろ。」,「ひだまりスケッチ」,「恋する小惑星」
カラー,「Aチャンネル」,「ひだまりスケッチ」,「ひだまりスケッチ」」,「Aチャンネル」,「キルミーベイベー」,「GA 芸術科アートデザインクラス」,「Aチャンネル」,「Aチャンネル」,「GA 芸術科アートデザインクラス」,「ひだまりスケッチ」,「Aチャンネル」,「GA 芸術科アートデザインクラス」,「Aチャンネル」,「ブレンド・Ｓ」,「GA 芸術科アートデザインクラス」,「NEW GAME!」,「フレラジ☆」,「Aチャンネル」,「ぱわーおぶすまいる。」,「ごきチャ」,「ブレンド・S」,「だいたいこんなンで？」,「まちカドまぞく」,「NEW GAME!」,「ひだまりスケッチ」,「ひだまりスケッチ」,「GA 芸術科アートデザインクラス」,「ひだまりスケッチ」,「Aチャンネル」,「キルミーベイベー」,「GA 芸術科アートデザインクラス」,「ひだまりスケッチ」,「Aチャンネル」,「NEW GAME!」描き下ろしクリアしたじき,「連載陣描き下ろし絵はがきセット」,「NEW GAME!」,「GA 芸術科アートデザインクラス」,「NEW GAME!」,「NEW GAME!」,「ひだまりスケッチ」,「Aチャンネル」,「NEW GAME!」,「NEW GAME!」,「はやしたてまつり♪」,「ひだまりスケッチ」,「異なる次元の管理人さん」,「ひだまりスケッチ」,「まちカドまぞく」,「Aチャンネル」,「すわっぷ⇔すわっぷ」,「Aチャンネル」,「ブレンド・S」,「NEW GAME!」,「ブレンド・S」,「NEW GAME!」,「正義ノ花道」,「Aチャンネル」,「ブレンド・S」,「Aチャンネル」,「キルミーベイベー」,「NEW GAME!」,「mono」,「NEW GAME!」,「ブレンド・S」,「まちカドまぞく」,「ブレンド・S」,「Aチャンネル」,「ブレンド・S」,「Aチャンネル」,「NEW GAME!」,「アニマエール!」,「アニマエール!」,「アニマエール!」,「アニマエール!」,「まちカドまぞく」」,「恋する小惑星」,「おちこぼれフルーツタルト」,「まちカドまぞく」,「NEW GAME!」,「まちカドまぞく」,「まちカドまぞく」,「まちカドまぞく」,「まちカドまぞく」,「Aチャンネル」,「精霊さまの難儀な日常」,「RPG不動産」,「mono」,「恋する小惑星」,「紡ぐ乙女と大正の月」,「まちカドまぞく」,「NEW GAME!」,「Aチャンネル」,「紡ぐ乙女と大正の月」,「まちカドまぞく」,「おちこぼれフルーツタルト」,「おちこぼれフルーツタルト」,「Aチャンネル」,「おちこぼれフルーツタルト」,「NEW GAME!」,「RPG不動産」,「NEW GAME!」,「キルミーベイベー」,「RPG不動産」,「ブレンド・S」,「ひだまりスケッチ」,「NEW GAME!」,「紡ぐ乙女と大正の月」,「おちこぼれフルーツタルト」,「RPG不動産」,「恋する小惑星」,「RPG不動産」,「ブレンド・S」,「RPG不動産」,「ブレンド・S」,「RPG不動産」,「ごきげんよう、一局いかが?」,「ばっどがーる」,「紡ぐ乙女と大正の月」,「ササエルの中には誰もいない」,「mono」,「またぞろ。」,「ひだまりスケッチ」,「恋する小惑星」
カラー,「セカイ魔王」,「Aチャンネル」,「ネガ→ポジ」,「ぱわーおぶすまいる。」,「ごきチャ」,「ひだまりスケッチデイズ−TVアニメ公式ガイドブック−」対談レポート,「ぱわーおぶすまいる。」,「P.S.リスタート」,「ごきチャ」,「Aチャンネル」,「平成生まれ２」,「ののかノート」,「ごきチャ」,「ばーどすとらいく！」,「Aチャンネル」,「ブレンド・Ｓ」,「ごきチャ」,「イキモノシステム」,「さくらティーブレイク！」,「平成生まれ２」,「カスタムメイド！」,「ホワイトサンドに手をふって」,「ばーどすとらいく！」,「カスタムメイド！」,「おちこぼれフルーツタルト」,「Aチャンネル」,「ブレンド・S」,「Aチャンネル」,「GA 芸術科アートデザインクラス」,「ごきチャ」,「ひだまりスケッチ」,「Aチャンネル」,「ぱわーおぶすまいる。」,「NEW GAME!」,「ひだまりスケッチ」,「キルミーベイベー」,「まちカドまぞく」,「GA 芸術科アートデザインクラス」,「Aチャンネル」,「ブレンド・S」,「キルミーベイベー」,「ひだまりスケッチ」,「Aチャンネル」,「すわっぷ⇔すわっぷ」,「ブレンド・S」,「はるみねーしょん」,「リトル・リトル・アリス」,「すわっぷ⇔すわっぷ」,「おちこぼれフルーツタルト」,「疾風ういんどみる!」,「トモダチヅクリ」,「アニマエール!」,「黒髪巫女とマリアウィッチ」,「NEW GAME!」,「おちこぼれフルーツタルト」,「はやしたてまつり♪」,「ネコじまにゃんだフル」,「正義ノ花道」,「ひだまりスケッチ」,「ひだまりスケッチ」,「Aチャンネル」,「先パイがお呼びです!」,「すわっぷ⇔すわっぷ」,「Aチャンネル」,「恋する小惑星」,「精霊さまの難儀な日常」,「キルミーベイベー」,「おちこぼれフルーツタルト」,「RPG不動産」,「アニマエール！」,「ブレンド・S」,「NEW GAME!」,「キルミーベイベー」,「NEW GAME!」,「Aチャンネル」,「アニマエール!」,「NEW GAME!」,「ブレンド・S」,「Aチャンネル」,「NEW GAME!」,「キルミーベイベー」,「まちカドまぞく」応援コメントレター,「NEW GAME!」,「おちこぼれフルーツタルト」,「恋する小惑星」,「ブレンド・S」,「NEW GAME!」,「Aチャンネル」,「ひだまりスケッチ」,「恋する小惑星」,「メイドさんの下着は特別です。」,「おちこぼれフルーツタルト」,「mono」,「NEW GAME!」,「精霊さまの難儀な日常」,「ブレンド・S」,「おちこぼれフルーツタルト」,「メイドさんの下着は特別です。」,「紡ぐ乙女と大正の月」,「まちカドまぞく」,「ブレンド・S」,「ひだまりスケッチ」,「恋する小惑星」,「NEW GAME!」,「またぞろ。」,「NEW GAME!」完結記念コメントレター,「RPG不動産」,「ササエルの中には誰もいない」,「ニチアサ以外はやってます!」,「紡ぐ乙女と大正の月」,「ばっどがーる」,「ポンポコタヌキとへっぽこ王子」,「またぞろ。」,「メールブルーの旅人」,「mono」,「またぞろ。」,「キルミーベイベー」,「うさパン焼いて悪いかよ!」,「ごきげんよう、一局いかが?」,「恋する小惑星」,「ばっどがーる」,「異世界アイドル、推参です!」,「ごきげんよう、一局いかが?」
カラー,「P.S.リスタート」,「ごきチャ」,「あまゆる。」,「ハレハレハレルヤ！」,「先輩には頭が上がらない！」,「フレラジ☆」,「さくらティーブレイク！」,「NEW GAME!」,「先輩には頭が上がらない！」,「はるみねーしょん」,「ぱわーおぶすまいる。」,「とりあえず居合でも。」,「P.S.リスタート」,「セカイ魔王」,「キルミーベイベー」,「先輩には頭が上がらない！」,「けもみみパンデミック」,「ばーどすとらいく！」,「ガールスガーデン」,「ののかノート」,「セカイ魔王」,「すわっぷ⇔すわっぷ」,「セカイ魔王」,「社会人から始める異次元ライフ」,「Aチャンネル」,「あやかしみッくす！」,「Aチャンネル」,「はるみねーしょん」,「NEW GAME!」,「すわっぷ⇔すわっぷ」,「おちこぼれフルーツタルト」,「キルミーベイベー」,「平成生まれ3」,「ごきチャ」,「カスタムメイド!」,「Aチャンネル」,「すわっぷ⇔すわっぷ」,「ひだまりスケッチ」,「ジューンフレンド」,「アニマエール!」,「異なる次元の管理人さん」,「おちこぼれフルーツタルト」,「黒髪巫女とマリアウィッチ,「ごきチャ」,「ことこ・ア・カペラ」,「ぱわーおぶすまいる。」,「疾風ういんどみる!」,「黒髪巫女とマリアウィッチ」,「異なる次元の管理人さん」,「花降り宿のやどかり乙女」,「エクソシストと首輪の悪魔」,「花降り宿のやどかり乙女」,「ネコじまにゃんだフル」,「異なる次元の管理人さん」,「ゆず35歳＠中学生やってます」,「恋する小惑星」,「四姉妹は初恋のはじまり」,「エクソシストと首輪の悪魔」,「まちカドまぞく」,「精霊さまの難儀な日常」,「正義ノ花道」,「まちカドまぞく」,「花降り宿のやどかり乙女」,「はるみねーしょん」,「エクソシストと首輪の悪魔」,「ネコじまにゃんだフル」,「すわっぷ⇔すわっぷ」,「恋する小惑星」,「異なる次元の管理人さん」,「ひだまりスケッチ」,「おちこぼれフルーツタルト」,「Aチャンネル」,「RPG不動産」,「すわっぷ⇔すわっぷ」,「ブレンド・S」,「すわっぷ⇔すわっぷ」,「異なる次元の管理人さん」,「RPG不動産」,「アニマエール!」,「はるみねーしょん」,「アニマエール!」,「ブレンド・S」,「メイドさんの下着は特別です。」,「アニマエール!」,「異なる次元の管理人さん」,「アニマエール!」,「キルミーベイベー」,「精霊さまの難儀な日常」,「ブレンド・S」,「キルミーベイベー」,「しずねちゃんは今日も眠れない」,「紡ぐ乙女と大正の月」,「恋する小惑星」,「アニマエール!」,「またぞろ。」,「紡ぐ乙女と大正の月」,「RPG不動産」,「かぐらまいまい!」,「しずねちゃんは今日も眠れない」,「またぞろ。」,「ばっどがーる」,「またぞろ。」,「死神ドットコム」,「メイドさんの下着は特別です。」,「ばっどがーる」,「紡ぐ乙女と大正の月」,「死神ドットコム」,「あやしびと」,「ポンポコタヌキとへっぽこ王子」,「死神ドットコム」,「キルミーベイベー」,「異世界アイドル、推参です!」,「ニチアサ以外はやってます!」,「ばっどがーる」,「ササエルの中には誰もいない」,「紡ぐ乙女と大正の月」,「恋する小惑星」,「ポンポコタヌキとへっぽこ王子」,「異世界アイドル、推参です!」,「メールブルーの旅人」,「おちこぼれフルーツタルト」,「ひよ&びびっと!」,「ササエルの中には誰もいない」
カラー,「箱入りドロップス」,「ぷらいまりィずむ！」,「ハレハレハレルヤ！」,「うぃーしぇあ！」,「ぱわーおぶすまいる。」,「彼氏ってどこに行ったら買えますの!?」,「NEW GAME!」,「ののかノ〜ト」,「だいたいこんなンで？」,「ぷらいまりィずむ！」,「NEW GAME!」,「時計じかけのミュージアム」,「フレラジ☆」,「あまゆる。」,「ぱわーおぶすまいる。」,「ののかノート」,「へんてこバスと飴玉くるり」,「はるみねーしょん」,「いつか四つ葉のシャムロック」,「癒さレクチャー！」,「まちカドまぞく」,「天使と悪魔のスパイラル！」,「ぷらいまりィずむ！」,「へんてこバスと飴玉くるり」,「ぱわーおぶすまいる。」,「純情乙女骨董店」,「すわっぷ⇔すわっぷ」,「まちカドまぞく」,「ばーどすとらいく！」,「カスタムメイド!」,「NEW GAME!」,「だいたいこんなンで?」,「へんてこバスと飴玉くるり」,「ブレンド・S」,「疾風ういんどみる!」,「ぱわーおぶすまいる。」,「おちこぼれフルーツタルト」,「リトル・リトル・アリス」,「疾風ういんどみる!」,「まちカドまぞく」,「はやしたてまつり♪」,「ことこ・ア・カペラ」,「アニマエール!」,「平成生まれ3」,「宝くじで10億当たった元JKだけど質問あるやつおる?」,「カスタムメイド!」,「ぶんぐのくにのおひめさま」,「ことこ・ア・カペラ」,「勇者なんてお断り!」,「リラのお菓子な魔法」,「恋する小惑星」,「疾風ういんどみる!」,「まちカドまぞく」,「メイドさんの下着は特別です。」,「ちぃねぇちゃんはインドア妹と遊びたい」,「ふじょ子とユリ子」,「先パイがお呼びです!」,「異なる次元の管理人さん」,「ふじょ子とユリ子」,「ぷにむにコンプレクス」,「恋する小惑星」,「ネコじまにゃんだフル」,「ゆず35歳＠中学生やってます」,「メイドさんの下着は特別です。」,「先パイがお呼びです!」,「ふじょ子とユリ子」,「ゆず35歳＠中学生やってます」,「まちカドまぞく」,「ブレンド・S」,「正義ノ花道」,「精霊さまの難儀な日常」,「まちカドまぞく」,「異なる次元の管理人さん」,「精霊さまの難儀な日常」,「メイドさんの下着は特別です。」,「RPG不動産」,「かぐらまいまい！」,「精霊さまの難儀な日常」,「メイドさんの下着は特別です。」,「mono」,「あやしびと」,「精霊さまの難儀な日常」,「紡ぐ乙女と大正の月」,「あやしびと」,「かぐらまいまい!」,「紡ぐ乙女と大正の月」,「異なる次元の管理人さん」,「メイドさんの下着は特別です。」,「かぐらまいまい!」,「魔王の娘からは逃れられない」,「生徒会からは以上です。」,「ブレンド・S」,「かぐらまいまい!」,「しずねちゃんは今日も眠れない」,「あやしびと」,「異なる次元の管理人さん」,「恋する小惑星」,「ばっどがーる」,「みこへんげっ!」,「死神ドットコム」,「メイドさんの下着は特別です。」,「しずねちゃんは今日も眠れない」,「かぐらまいまい!」,「ササエルの中には誰もいない」,「しずねちゃんは今日も眠れない」,「キルミーベイベー」,「ブレンド・S」,「異世界アイドル、推参です!」,「しずねちゃんは今日も眠れない」,「ブレンド・S」,「ササエルの中には誰もいない」,「おちこぼれフルーツタルト」,「紡ぐ乙女と大正の月」,「恋する小惑星」,「ひよ&びびっと!」,「異世界アイドル、推参です!」,「おちこぼれフルーツタルト」,「死神ドットコム」,「ニチアサ以外はやってます!」,「キルミーベイベー」,「うさパン焼いて悪いかよ!」,「死神ドットコム」,「うさパン焼いて悪いかよ!」
カラー,「うぃーしぇあ！」,「くじらジュブナイル」,「まこころアシスト」,「放課後レシピ」,「まこころアシスト」,「幸腹グラフィティ」,「イキモノシステム」,「とりあえず居合でも。」,「桜Trick」,「ハレハレハレルヤ！」,「桜Trick」,「まごとじＧ」,「イキモノシステム」,「ラッキー・ブレイク」,「ガールズガーデン」,「トイレのはなこちゃん」,「さん・さん・さんっ」,「けもみみパンデミック」,「ウイルス☆バスターズ」,「ウイルス☆バスターズ」,「いつか四つ葉のシャムロック」,「とりあえず居合でも。」,「癒さレクチャー！」,「たびだより」,「あまゆる。」,「いろはよしなに」,「プライベートガール」,「異なる次元の管理人さん」,「ブレンド・Ｓ」,「ぱわーおぶすまいる。」,「トルネードよんじ」,「たびだより」,「やわらかモラトリアム」,「つりぱん。」,「リトル・リトル・アリス」,「ジューンフレンド」,「はるみねーしょん」,「トモダチヅクリ」,「黒髪巫女とマリアウィッチ」,「すわっぷ⇔すわっぷ」,「ばーどすとらいく!」,「宝くじで10億当たった元JKだけど質問あるやつおる?」,「リトル・リトル・アリス」,「むいかのあやめ」,nan,「ブレンド・S」,「ブレンド・S」,「担当編集ボツ子さん」,「まちカドまぞく」,「勇者なんてお断り!」,「ふじょ子とユリ子」,「プリフリ番長!」,「ぽんこつヒーローアイリーン」,「あいあむアイスクリーム!」,「なまりこ」,「ゆず35歳＠中学生やってます」,「恋する小惑星」,「四姉妹は初恋のはじまり」,「アニマエール!」,「NEW GAME!」,「アカリ様」,「NEW GAME!」,「まちカドまぞく」,「怪盗メイドはかまってほしい!」,「アニマエール!」,「RPG不動産」,「NEW GAME!」,「メイドさんの下着は特別です。」,「先パイがお呼びです!」,「mono」,「エクソシストと首輪の悪魔」,「mono」,「かぐらまいまい!」,「先パイがお呼びです!」,「魔王の娘からは逃れられない」,「あやしびと」,「ぐるメソッド！」,「先パイがお呼びです!」,「かぐらまいまい!」,「魔王の娘からは逃れられない」,「紡ぐ乙女と大正の月」,「RPG不動産」,「魔王の娘からは逃れられない」,「正義ノ花道」,「先パイがお呼びです!」,「No Color!」,「魔王の娘からは逃れられない」,「あやしびと」,「アニマエール!」,「異なる次元の管理人さん」,「みこへんげっ!」,「またぞろ。」,「魔王の娘からは逃れられない」,「メイドさんの下着は特別です。」,「みこへんげっ!」,「ぴぼあらふぃごれ!!」,「死神ドットコム」,「ニチアサ以外はやってます!」,「魔王の娘からは逃れられない」,「あやしびと」,「ポンポコタヌキとへっぽこ王子」,「ニチアサ以外はやってます!」,「みちくさステップ」,「この恋愛は非実在?」,「ポンポコタヌキとへっぽこ王子」,「恋する小惑星」,「またぞろ。」,「ばっどがーる」,「キミと歌うシネマ」,「またぞろ。」,「メールブルーの旅人」,「トイブーケなら飴で叶えて」,「死神ドットコム」,「しずねちゃんは今日も眠れない」,「うさパン焼いて悪いかよ!」,「ニチアサ以外はやってます!」,「メールブルーの旅人」,「翡翠ソーダの泡に乗せて」,「ひよ&びびっと!」,「またぞろ。」,「のけもののまち」,「escape into the light」,「キルミーベイベー」
1,「GA 芸術科アートデザインクラス」,「ひだまりスケッチ」,「GA 芸術科アートデザインクラス」,「Aチャンネル」,「キルミーベイベー」,「GA 芸術科アートデザインクラス」,「Aチャンネル」,「Aチャンネル」,「GA 芸術科アートデザインクラス」,「ひだまりスケッチ」,「Aチャンネル」,「GA 芸術科アートデザインクラス」,「Aチャンネル」,「GA 芸術科アートデザインクラス」,「ひだまりスケッチ」,「Aチャンネル」,「キルミーベイベー」,「ひだまりスケッチ」,「GA 芸術科アートデザインクラス」,「Aチャンネル」,「ひだまりスケッチ」,「GA 芸術科アートデザインクラス」,「Aチャンネル」,「NEW GAME!」,「ひだまりスケッチ」,「ひだまりスケッチ」,「GA 芸術科アートデザインクラス」,「ひだまりスケッチ」,「Aチャンネル」,「キルミーベイベー」,「GA 芸術科アートデザインクラス」,「ひだまりスケッチ」,「Aチャンネル」,「NEW GAME!」,「ひだまりスケッチ」,「NEW GAME!①」,「GA 芸術科アートデザインクラス」,「NEW GAME!①」,「NEW GAME!①」,「ひだまりスケッチ」,「Aチャンネル」,「NEW GAME!①」,「NEW GAME!①」,「キルミーベイベー」,「NEW GAME!」,「NEW GAME!」,「NEW GAME!」,「NEW GAME!」,「ひだまりスケッチ」,「ブレンド・S」,「ブレンド・S」,「NEW GAME!」,「Aチャンネル」,「すわっぷ⇔すわっぷ」,「ブレンド・S」,「NEW GAME!」,「NEW GAME!」,「NEW GAME!」,「ブレンド・S」,「ブレンド・S」,「ブレンド・S」,「ブレンド・S」,「アニマエール!」,「ひだまりスケッチ」,「NEW GAME!」①,「ブレンド・S」,「Aチャンネル」,「ブレンド・S」,「Aチャンネル」,「NEW GAME!」①,「アニマエール！」,「アニマエール！」,「アニマエール！」,「アニマエール！」,「まちカドまぞく」,「恋する小惑星」,「おちこぼれフルーツタルト」,「まちカドまぞく」,「NEW GAME!」,「まちカドまぞく」,「まちカドまぞく」,「まちカドまぞく」,「まちカドまぞく」,「Aチャンネル」,「精霊さまの難儀な日常」,「RPG不動産」,「mono」,「恋する小惑星」,「紡ぐ乙女と大正の月」,「まちカドまぞく」,「NEW GAME!」①,「Aチャンネル」,「紡ぐ乙女と大正の月」,「まちカドまぞく」,「おちこぼれフルーツタルト」,「おちこぼれフルーツタルト」,「Aチャンネル」,「おちこぼれフルーツタルト」,「NEW GAME!」①,「RPG不動産」,「NEW GAME!」,「キルミーベイベー」,「RPG不動産」,「ブレンド・S」,「ひだまりスケッチ」,「NEW GAME!」,「紡ぐ乙女と大正の月」,「おちこぼれフルーツタルト」,「RPG不動産」,「恋する小惑星」,「RPG不動産」,「ブレンド・S」,「RPG不動産」,「ブレンド・S」,「RPG不動産」,「ごきげんよう、一局いかが?」,「ばっどがーる」①,「紡ぐ乙女と大正の月」,「ササエルの中には誰もいない」,「mono」,「ばっどがーる」,「ひだまりスケッチ」,「恋する小惑星」
2,「ひだまりスケッチ」,「キルミーベイベー」,「Aチャンネル」,「キルミーベイベー」,「Aチャンネル」,「Aチャンネル」,「ごきチャ」,「キルミーベイベー」,「Aチャンネル」,「キルミーベイベー」,「GA 芸術科アートデザインクラス」,「Aチャンネル」,「キルミーベイベー」,「キルミーベイベー」,「ごきチャ」,「ひだまりスケッチ」,「Aチャンネル」,「キルミーベイベー」,「Aチャンネル」,「キルミーベイベー」,「GA 芸術科アートデザインクラス」,「Aチャンネル」,「癒さレクチャー！」,「キルミーベイベー」,「NEW GAME!」,「ブレンド・Ｓ」,「キルミーベイベー」,「キルミーベイベー」,「キルミーベイベー」,「Aチャンネル」,「キルミーベイベー」,「NEW GAME!」,「GA 芸術科アートデザインクラス」,「キルミーベイベー」,「NEW GAME!」,「GA 芸術科アートデザインクラス」,「NEW GAME①」,「キルミーベイベー」,「ブレンド・S」,「NEW GAME!①」,「NEW GAME!①」,「Aチャンネル」,「キルミーベイベー」,「NEW GAME!①」,「NEW GAME! アフレコレポート」,「ひだまりスケッチ」,「Aチャンネル,「Aチャンネル,「キルミーベイベー」,「NEW GAME!」,「コメディ・ランド・バンド」,「おちこぼれフルーツタルト」,「キルミーベイベー」,「キルミーベイベー」,「まちカドまぞく」,「NEW GAME! アフレコレポート」,「ブレンド・S」,「Aチャンネル」,「ブレンド・S アフレコレポート」,「まちカドまぞく」,「おちこぼれフルーツタルト」,「NEW GAME!」①,「ブレンド・S」,「NEW GAME!」,「おちこぼれフルーツタルト」,「キルミーベイベー」,「まちカドまぞく」,「キルミーベイベー」,「アニマエール!」,「ブレンド・S」,「NEW GAME!」,「アニマエール！アフレコレポート」,「NEW GAME!」①,「Aチャンネル」,「アニマエール!」,「まちカドまぞく」①,「まちカドまぞく」,「恋する小惑星」,「まちカドまぞく」,「Aチャンネル」,「まちカドまぞく アフレコレポート」,「恋する小惑星」,「恋する小惑星」,「恋する小惑星」,「おちこぼれフルーツタルト」,「恋する小惑星」,「恋する小惑星」,「mono」,「恋する小惑星」,「NEW GAME!」①,「おちこぼれフルーツタルト」,「まちカドまぞく」,「NEW GAME!」,「おちこぼれフルーツタルト」,「おちこぼれフルーツタルト アフレコレポート」,「まちカドまぞく」,「NEW GAME!」①,「NEW GAME!」①,「mono×ゆるキャン△　スペシャルエピソード」,「mono」,「おちこぼれフルーツタルト」,「NEW GAME!」①,「NEW GAME!」①,「おちこぼれフルーツタルト」,「RPG不動産」,「RPG不動産」,「キルミーベイベー」,「キルミーベイベー」,「mono」,「RPG不動産」,「ブレンド・S」,「RPG不動産」,「RPG不動産 アフレコレポート」,「RPG不動産」,「ばっどがーる」,「RPG不動産」,「ごきげんよう、一局いかが?」,「RPG不動産」,「RPG不動産」,「RPG不動産」,「mono」,「おちこぼれフルーツタルト」,「おちこぼれフルーツタルト」
3,「ごきチャ」,「ぱわーおぶすまいる。」,「ごきチャ」,「GA 芸術科アートデザインクラス」,「ラッキー・ブレイク」,「ぱわーおぶすまいる。」,「先輩には頭が上がらない！」,「ぱわーおぶすまいる。」,「キルミーベイベー」,「ごきチャ」,「キルミーベイベー」,「キルミーベイベー」,「ぱわーおぶすまいる。」,「Aチャンネル」,「はるみねーしょん」,「ごきチャ」,「NEW GAME!」,「お気軽にっ！」,「キルミーベイベー」,「癒さレクチャー！」,「Aチャンネル」,「キルミーベイベー」,「キルミーベイベー」,「ひだまりスケッチ」,「キルミーベイベー」,「キルミーベイベー」,「ばーどすとらいく！」,「ブレンド・Ｓ」,「ひだまりスケッチ」,「ばーどすとらいく!」,「Aチャンネル」,「ブレンド・S」,「NEW GAME!」,「Aチャンネル」,「ブレンド・S」,「まちカドまぞく」,「Aチャンネル」,「おちこぼれフルーツタルト」,「キルミーベイベー」,「キルミーベイベー」,「ブレンド・S」,「五つ葉クローバー」,「おちこぼれフルーツタルト」,「NEW GAME!制作現場レポート」,「すわっぷ⇔すわっぷ」,「キルミーベイベー」,「まちカドまぞく」,「ブレンド・S」,「NEW GAME!」,「キルミーベイベー」,「キルミーベイベー」,「キルミーベイベー」,「ブレンド・S」,「Aチャンネル」,「キルミーベイベー」,「Aチャンネル」,「正義ノ花道」,「おちこぼれフルーツタルト」,「正義ノ花道」,「NEW GAME!」①,「キルミーベイベー」,「キルミーベイベー」,「mono」,「キルミーベイベー」,「ブレンド・S」,「ゆず35歳＠中学生やってます」,「mono」,「NEW GAME!」①,「mono」,「まちカドまぞく」,「キルミーベイベー」,「恋する小惑星」,「まちカドまぞく」,「恋する小惑星」,「おちこぼれフルーツタルト」,「NEW GAME!」①,「恋する小惑星」,「おちこぼれフルーツタルト」,「恋する小惑星」,「かぐらまいまい!」,「恋する小惑星」,「NEW GAME!」①,「おちこぼれフルーツタルト」,「mono」,「キルミーベイベー」,「mono」,「恋する小惑星 アフレコレポート」,「おちこぼれフルーツタルト」,「mono」,「Aチャンネル」,「まちカドまぞく」,「NEW GAME!」①,「Aチャンネル」,「mono」,「まちカドまぞく」,「NEW GAME!」①,「mono」,「RPG不動産」,「mono」,「ブレンド・S」,「まちカドまぞく」,「まちカドまぞく」,「おちこぼれフルーツタルト」,「RPG不動産」,「NEW GAME!」,「紡ぐ乙女と大正の月」,「mono」,「ブレンド・S」,「ブレンド・S」,「キルミーベイベー」,「ポンポコタヌキとへっぽこ王子」,「紡ぐ乙女と大正の月」,「ブレンド・S」,「おちこぼれフルーツタルト」,「恋する小惑星」,「キルミーベイベー」,「またぞろ。」,「おちこぼれフルーツタルト」,「キルミーベイベー」,「恋する小惑星」,「またぞろ。」,「キルミーベイベー」,「ばっどがーる」
4,「ぱわーおぶすまいる。」,「ネガ→ポジ」,「P.S.リスタート」,「ぱわーおぶすまいる。」,「GA 芸術科アートデザインクラス」,「ごきチャ」,「GA 芸術科アートデザインクラス」,「ごきチャ」,「桜Trick」,「桜Trick」,「桜Trick」,「ぱわーおぶすまいる。」,「平成生まれ2」,「NEW GAME!」,「GA 芸術科アートデザインクラス」,「ぱわーおぶすまいる。」,「さん・さん・さんっ」,「ごきチャ」,「ごきチャ」,「NEW GAME!」,「キルミーベイベー」,「NEW GAME!」,「ごきチャ」,「Aチャンネル」,「GA 芸術科アートデザインクラス」,「カスタムメイド！」,「ごきチャ」,「さん・さん・さんっ」,「はるみねーしょん」,「NEW GAME!」,「ブレンド・S」,「おちこぼれフルーツタルト」,「キルミーベイベー」,「GA 芸術科アートデザインクラス」,「キルミーベイベー」,「すわっぷ⇔すわっぷ」,「ブレンド・S」,「まちカドまぞく」,「まちカドまぞく」,「おちこぼれフルーツタルト」,「おちこぼれフルーツタルト」,「キルミーベイベー」,「ひだまりスケッチ」,「まちカドまぞく」,「おちこぼれフルーツタルト」,「Aチャンネル」,「ブレンド・S①」,「異なる次元の管理人さん」,「ブレンド・S」,「ひだまりスケッチ」,「すわっぷ⇔すわっぷ」,「まちカドまぞく」,「すわっぷ⇔すわっぷ」,「まちカドまぞく」,「なまりこ」,「おちこぼれフルーツタルト」,「まちカドまぞく」,「ひだまりスケッチ」,「NEW GAME!」,「Aチャンネル」,「わたしの頭をなでなでするな!」,「Aチャンネル」,「Aチャンネル」,「すわっぷ⇔すわっぷ」,「キルミーベイベー」,「Aチャンネル」,「精霊さまの難儀な日常」,「ひだまりスケッチ」,「すわっぷ⇔すわっぷ」,「おちこぼれフルーツタルト」,「mono」,「おちこぼれフルーツタルト」,「mono」,「RPG不動産」,「NEW GAME!」①,「キルミーベイベー」,「ブレンド・S」,「キルミーベイベー」,「おちこぼれフルーツタルト」,「RPG不動産」,「おちこぼれフルーツタルト」,「ブレンド・S」,「NEW GAME!」①,「NEW GAME!」①,「NEW GAME!」①,「NEW GAME!」,「RPG不動産」,「NEW GAME!」①,「RPG不動産」,「RPG不動産」,「恋する小惑星」,「キルミーベイベー」,「キルミーベイベー」,「RPG不動産」,「mono」,「Aチャンネル」,「ブレンド・S」,「まちカドまぞく」,「おちこぼれフルーツタルト」,「しずねちゃんは今日も眠れない」,「ブレンド・S」,「ブレンド・S」,「ブレンド・S」,「mono」,「キルミーベイベー」,「おちこぼれフルーツタルト」,「おちこぼれフルーツタルト」,「またぞろ。」,「紡ぐ乙女と大正の月」,「ばっどがーる」,「ばっどがーる」,「ポンポコタヌキとへっぽこ王子」,「おちこぼれフルーツタルト」,「ササエルの中には誰もいない」,「キルミーベイベー」,「またぞろ。」,「キルミーベイベー」,「ポンポコタヌキとへっぽこ王子」,「恋する小惑星」,「ごきげんよう、一局いかが?」,「ごきげんよう、一局いかが?」,「ばっどがーる」,「またぞろ。」
5,「Aチャンネル」,「Aチャンネル」,「ひだまりスケッチ」,「ひだまりスケッチ」,「ごきチャ」,「フレラジ☆」,「ぱわーおぶすまいる。」,「P.S.リスタート」,「ごきチャ」,「Aチャンネル」,「平成生まれ2」,「ののかノート」,「ごきチャ」,「ブレンド・Ｓ」,「だいたいこんなンで？」,「NEW GAME!」,「フレラジ☆」,「Aチャンネル」,「ぱわーおぶすまいる。」,「ごきチャ」,「ブレンド・Ｓ」,「だいたいこんなンで？」,「まちカドまぞく」,「カスタムメイド！」,「おちこぼれフルーツタルト」,「Aチャンネル」,「ブレンド・Ｓ」,「Aチャンネル」,「GA 芸術科アートデザインクラス」,「ごきチャ」,「ひだまりスケッチ」,「Aチャンネル」,「ぱわーおぶすまいる。」,「ごきチャ」,「カスタムメイド!」,「キルミーベイベー」,「まちカドまぞく」,「GA 芸術科アートデザインクラス」,「Aチャンネル」,「ブレンド・S」,「キルミーベイベー」,「ひだまりスケッチ」,「Aチャンネル」,「はやしたてまつり♪」,「ひだまりスケッチ」,「異なる次元の管理人さん」,「ひだまりスケッチ」,「まちカドまぞく」,「Aチャンネル」,「すわっぷ⇔すわっぷ」,「Aチャンネル」,「ブレンド・S①」,「NEW GAME!①」,「ブレンド・S」,「NEW GAME!」,「ブレンド・S」,「Aチャンネル」,「ブレンド・S」,「Aチャンネル」,「キルミーベイベー」,「NEW GAME!」①,「mono」,「NEW GAME!」①,「ブレンド・S」,「恋する小惑星」,「精霊さまの難儀な日常」,「キルミーベイベー」,「おちこぼれフルーツタルト」,「RPG不動産」,「アニマエール！」,「ブレンド・S」,「NEW GAME!」①,「キルミーベイベー」,「NEW GAME!」①,「Aチャンネル」,「アニマエール！」,「NEW GAME!」,「ブレンド・S」,「Aチャンネル」,「NEW GAME!」①,「キルミーベイベー」,「あやしびと」,「メイドさんの下着は特別です。」,「おちこぼれフルーツタルト」,「恋する小惑星」,「ブレンド・S」,「NEW GAME!」①,「Aチャンネル」,「ひだまりスケッチ」,「恋する小惑星」,「メイドさんの下着は特別です。」,「おちこぼれフルーツタルト」,「mono」,「NEW GAME!」➀,「精霊さまの難儀な日常」,「ブレンド・S」,「おちこぼれフルーツタルト」,「ばっどがーる」,「ブレンド・S」,「まちカドまぞく」,「RPG不動産」,「ひだまりスケッチ」,「恋する小惑星」,「NEW GAME!」,「またぞろ。」,「ササエルの中には誰もいない」,「RPG不動産」,「ササエルの中には誰もいない」,「ニチアサ以外はやってます!」,「紡ぐ乙女と大正の月」,「死神ドットコム」,「恋する小惑星」,「またぞろ。」,「メールブルーの旅人」,「mono」,「mono」,「mono」,「キルミーベイベー」,「ごきげんよう、一局いかが?」,「ばっどがーる」,「恋する小惑星」,「紡ぐ乙女と大正の月」,「ごきげんよう、一局いかが?」
6,「キルミーベイベー」,「はたらけNGがーる」,「キルミーベイベー」,「ごきチャ」,「P.S.リスタート」,「ひだまりスケッチ」,「セカイ魔王」,「ひだまりスケッチ」,「ひふみよ」,「平成生まれ2」,「ごきチャ」,「平成生まれ2」,「ひだまりスケッチ」,「ラッキー・ブレイク」,「ののかノート」,「トイレのはなこちゃん」,「＋ぽじてぃ部」,「ブレンド・Ｓ」,「ガールズガーデン」,「ひだまりスケッチ」,「ごきチャ」,「ひだまりスケッチ」,「オトとこのこ。」,「GA 芸術科アートデザインクラス」,「ブレンド・Ｓ」,「NEW GAME!」,「まちカドまぞく」,「NEW GAME!」,「きんいろモザイク」,「異なる次元の管理人さん」,「カスタムメイド!」,「異なる次元の管理人さん」,「箱入りドロップス」,「おちこぼれフルーツタルト」,「Aチャンネル」,「ひだまりスケッチ」,「ひだまりスケッチ」,「すわっぷ⇔すわっぷ」,「すわっぷ⇔すわっぷ」,「Aチャンネル」,「ゆーま!」,「まちカドまぞく」,「ブレンド・S」,「ブレンド・S」,「異なる次元の管理人さん」,「ブレンド・S①」,「すわっぷ⇔すわっぷ」,「担当編集ボツ子さん」,「すわっぷ⇔すわっぷ」,「Aチャンネル」,「NEW GAME!」,「ひだまりスケッチ」,「おちこぼれフルーツタルト」,「ネコじまにゃんだフル」,「Aチャンネル」,「正義ノ花道」,「シスタースクランブル」,「はるみねーしょん」,「キルミーベイベー」,「恋する小惑星」,「アニマエール!」,「すわっぷ⇔すわっぷ」,「おちこぼれフルーツタルト」,「アニマエール!」,「アニマエール!」①,「mono」,「アニマエール!」,「精霊さまの難儀な日常」,「NEW GAME!」①,「RPG不動産」,「まちカドまぞく」,「ブレンド・S」,「精霊さまの難儀な日常」,「おちこぼれフルーツタルト」,「キルミーベイベー」,「おちこぼれフルーツタルト」,「アニマエール！」,「NEW GAME!」①,「魔王の娘からは逃れられない」①,「ブレンド・S」,「NEW GAME!」①,「おちこぼれフルーツタルト」,「アニマエール!」,「RPG不動産」,「Aチャンネル」,「キルミーベイベー」,「おちこぼれフルーツタルト」,「まちカドまぞく」,「おちこぼれフルーツタルト」,「ブレンド・S」,「mono」,「ひだまりスケッチ」,「おちこぼれフルーツタルト」,「Aチャンネル」,「NEW GAME!」①,「RPG不動産」,「紡ぐ乙女と大正の月」,「恋する小惑星」,「紡ぐ乙女と大正の月」,「NEW GAME!」,「mono」,「おちこぼれフルーツタルト」,「キルミーベイベー」,「紡ぐ乙女と大正の月」,「紡ぐ乙女と大正の月」,「まちカドまぞく」,「ばっどがーる」,「RPG不動産」,「またぞろ。」,「ササエルの中には誰もいない」,「恋する小惑星」,「ばっどがーる」,「ポンポコタヌキとへっぽこ王子」,「キルミーベイベー」,「異世界アイドル、推参です!」,「ばっどがーる」,「うさパン焼いて悪いかよ!」,「ササエルの中には誰もいない」,「ばっどがーる」,「メールブルーの旅人」,「おちこぼれフルーツタルト」,「異世界アイドル、推参です!」,「ひよ&びびっと!」
7,「はるみねーしょん」,「P.S.リスタート」,「先輩には頭が上がらない！」,「はるみねーしょん」,「あまゆる。」,「キルミーベイベー」,「キルミーベイベー」,「先輩には頭が上がらない！」,「セカイ魔王」,「NEW GAME!」,「はるみねーしょん」,「NEW GAME!」,「NEW GAME!」,「ごきチャ」,「ぷらいまりィずむ！」,「フレラジ☆」,「ブレンド・Ｓ」,「NEW GAME!」,「ブレンド・Ｓ」,「はるみねーしょん」,「ばーどすとらいく！」,「ブレンド・Ｓ」,「NEW GAME!」,「まちカドまぞく」,「まちカドまぞく」,「おちこぼれフルーツタルト」,「カスタムメイド！」,「すわっぷ⇔すわっぷ」,「すわっぷ⇔すわっぷ」,「まちカドまぞく」,「まちカドまぞく」,「まちカドまぞく」,「夢の中のカノジョ」,「ひだまりスケッチ」,「まちカドまぞく」,「ブレンド・S」,「カスタムメイド!」,「ブレンド・S」,「あんじぇりっく・ましぇり」,「ジューンフレンド」,「ジューンフレンド」,「すわっぷ⇔すわっぷ」,「ごきチャ」,「おちこぼれフルーツタルト」,「Aチャンネル」,「まちカドまぞく」,「キルミーベイベー」,「おちこぼれフルーツタルト」,「まちカドまぞく①」,「はやしたてまつり♪」,「おちこぼれフルーツタルト」,「すわっぷ⇔すわっぷ」,「恋する小惑星」,「おちこぼれフルーツタルト」,「はるみねーしょん」,「まちカドまぞく」,「恋する小惑星①」,「すわっぷ⇔すわっぷ」,「すわっぷ⇔すわっぷ」,「正義ノ花道」,「はるみねーしょん」,「はるみねーしょん」,「はるみねーしょん」,「mono」,「ゆず35歳＠中学生やってます」,「NEW GAME!」①,「RPG不動産」,「mono」,「はるみねーしょん」,「はるみねーしょん」,「Aチャンネル」,「すわっぷ⇔すわっぷ」,「先パイがお呼びです!」,「まちカドまぞく」,「ようこそトゲトゲライフ」,「メイドさんの下着は特別です。」,「Aチャンネル」,「Aチャンネル」,「RPG不動産」,「精霊さまの難儀な日常」,「Aチャンネル」,「紡ぐ乙女と大正の月」,「mono」,「ブレンド・S」,「菓子工房メイモトとふたごのイモウト」,「精霊さまの難儀な日常」,「まちカドまぞく」,「キルミーベイベー」,「NEW GAME!」①,「紡ぐ乙女と大正の月」,「キルミーベイベー」,「しずねちゃんは今日も眠れない」,「ブレンド・S」,「精霊さまの難儀な日常」,「Aチャンネル」,「あやしびと」,「まちカドまぞく」,「ブレンド・S」,「RPG不動産」,「紡ぐ乙女と大正の月」,「しずねちゃんは今日も眠れない」,「RPG不動産」,「mono」,「キルミーベイベー」,「mono」,「キルミーベイベー」,「しずねちゃんは今日も眠れない」,「紡ぐ乙女と大正の月」,「ばっどがーる」,「ニチアサ以外はやってます!」,「mono」,「異世界アイドル、推参です!」,「キルミーベイベー」,「紡ぐ乙女と大正の月」,「死神ドットコム」,「恋する小惑星」,「異世界アイドル、推参です!」,「うさパン焼いて悪いかよ!」,「メールブルーの旅人」,「ササエルの中には誰もいない」,「キルミーベイベー」,「またぞろ。」,「ニチアサ以外はやってます!」
8,「箱入りドロップス」,「くじらジュブナイル」,「ハレハレハレルヤ！」,「ハレハレハレルヤ！」,「まこころアシスト」,「はるみねーしょん」,「NEW GAME!」,「セカイ魔王」,「ぱわーおぶすまいる。」,「ののかノート」,「ののかノート」,「はるみねーしょん」,「はるみねーしょん」,「はるみねーしょん」,「Aチャンネル」,「はるみねーしょん」,「イキモノシステム」,「ぱわーおぶすまいる。」,「NEW GAME!」,「先輩には頭が上がらない！」,「だいたいこんなンで？」,「ごきチャ」,「ブレンド・Ｓ」,「ごきチャ」,「ばーどすとらいく！」,「はるみねーしょん」,「おちこぼれフルーツタルト」,「ばーどすとらいく！」,「異なる次元の管理人さん」,「こみっくがーるず」,「すわっぷ⇔すわっぷ①」,「〆切ごはん」,「はるみねーしょん」,「はるみねーしょん」,「はるみねーしょん」,「おちこぼれフルーツタルト」,「ごきチャ」,「Aチャンネル」,「おちこぼれフルーツタルト」,「疾風ういんどみる!」,「まちカドまぞく」,「きらきら☆スタディー～絶対合格宣言～」,「まちカドまぞく」,「Aチャンネル」,「キルミーベイベー」,「おちこぼれフルーツタルト」,「異なる次元の管理人さん」,「はやしたてまつり♪」,「疾風ういんどみる!」,「まちカドまぞく」,「アニマエール!」,「Aチャンネル」,「異なる次元の管理人さん」,「花降り宿のやどかり乙女」,「花降り宿のやどかり乙女」,「キルミーベイベー」,「おちこぼれフルーツタルト」,「アニマエール!」,「エクソシストと首輪の悪魔」,「花降り宿のやどかり乙女」,「まちカドまぞく」,「アニマエール!」,「ひだまりスケッチ」,「まちカドまぞく」,「mono」,「アニマエール!」,「先パイがお呼びです!」,「RPG不動産」,「おちこぼれフルーツタルト」,「精霊さまの難儀な日常」,「恋する小惑星」,「RPG不動産」,「Aチャンネル」,「すわっぷ⇔すわっぷ」,「先パイがお呼びです!」,「精霊さまの難儀な日常」,「異なる次元の管理人さん」,「学生寮はあやかしやしき」,「はるみねーしょん」,「はるみねーしょん」,「ブレンド・S」,「精霊さまの難儀な日常」,「RPG不動産」,「ひだまりスケッチ」,「アニマエール!」,「ひだまりスケッチ」,「かぐらまいまい!」,「ブレンド・S」,「キルミーベイベー」,「アニマエール!」,「紡ぐ乙女と大正の月」,「魔王の娘からは逃れられない」,「アニマエール!」,「アニマエール!」,「異なる次元の管理人さん」,「恋する小惑星」,「RPG不動産」,「紡ぐ乙女と大正の月」,「しずねちゃんは今日も眠れない」,「またぞろ。」,「ばっどがーる」,「またぞろ。」,「またぞろ。」,「メイドさんの下着は特別です。」,「恋する小惑星」,「またぞろ。」,「死神ドットコム」①,「あやしびと」,「死神ドットコム」,「死神ドットコム」,「メールブルーの旅人」,「ニチアサ以外はやってます!」,「ニチアサ以外はやってます!」,「ばっどがーる」,「トゥーBEE オア ノット トゥーBEE」,「紡ぐ乙女と大正の月」,「恋する小惑星」,「またぞろ。」,「異世界アイドル、推参です!」,「うさパン焼いて悪いかよ!」,「女装男子校のXX」,「ササエルの中には誰もいない」,「ササエルの中には誰もいない」
9,「セカイ魔王」,「ごきチャ」,「ネガ→ポジ」,「ネガ→ポジ」,「先輩には頭が上がらない！」,「幸腹グラフィティ」,「さくらティーブレイク！」,「ののかノ〜ト」,「先輩には頭が上がらない！」,「はるみねーしょん」,「ぱわーおぶすまいる。」,「とりあえず居合でも。」,「P.S.リスタート」,「ばーどすとらいく！」,「NEW GAME!」,「ブレンド・Ｓ」,「ごきチャ」,「イキモノシステム」,「いつか四つ葉のシャムロック」,「平成生まれ2」,「NEW GAME!」,「ホワイトサンドに手をふって」,「ばーどすとらいく！」,「社会人から始める異次元ライフ」,「Aチャンネル」,「あやかしみッくす！」,「Aチャンネル」,「はるみねーしょん」,「NEW GAME!」,「すわっぷ⇔すわっぷ」,「おちこぼれフルーツタルト」,「キルミーベイベー」,「平成生まれ3」,「ブレンド・S」,「疾風ういんどみる!」,「Aチャンネル」,「すわっぷ⇔すわっぷ」,「ひだまりスケッチ」,「ジューンフレンド」,「アニマエール!」,「異なる次元の管理人さん」,「おちこぼれフルーツタルト」,「黒髪巫女とマリアウィッチ」,「すわっぷ⇔すわっぷ」,「ブレンド・S①」,「はるみねーしょん」,「リトル・リトル・アリス」,「すわっぷ⇔すわっぷ」,「おちこぼれフルーツタルト」,「疾風ういんどみる!」,「トモダチヅクリ」,「アニマエール!」,「黒髪巫女とマリアウィッチ」,「NEW GAME!①」,「おちこぼれフルーツタルト」,「ひだまりスケッチ」,「ネコじまにゃんだフル」,「正義ノ花道」,「ひだまりスケッチ」,「ひだまりスケッチ」,「Aチャンネル」,「先パイがお呼びです!」,「すわっぷ⇔すわっぷ」,「Aチャンネル」,「エクソシストと首輪の悪魔」,「ネコじまにゃんだフル」,「NEW GAME!」①,「恋する小惑星」,「異なる次元の管理人さん」,「ひだまりスケッチ」,「おちこぼれフルーツタルト」,「Aチャンネル」,「RPG不動産」,「かぐらまいまい!」,「ブレンド・S」,「すわっぷ⇔すわっぷ」,「mono」,「RPG不動産」,「アニマエール!」,「ひだまりスケッチ」,「アニマエール!」,「Aチャンネル」,「紡ぐ乙女と大正の月」,「アニマエール!」,「異なる次元の管理人さん」,「アニマエール!」,「キルミーベイベー」,「精霊さまの難儀な日常」,「ブレンド・S」,「キルミーベイベー」,「しずねちゃんは今日も眠れない」,「紡ぐ乙女と大正の月」,「恋する小惑星」,「キルミーベイベー」,「紡ぐ乙女と大正の月」,「紡ぐ乙女と大正の月」,「あやしびと」,「メイドさんの下着は特別です。」,「またぞろ。」,「キルミーベイベー」,「恋する小惑星」,「死神ドットコム」,「死神ドットコム」,「ばっどがーる」①,「ばっどがーる」,「ばっどがーる」,「死神ドットコム」②,「死神ドットコム」,「ポンポコタヌキとへっぽこ王子」,「あやしびと」,「ニチアサ以外はやってます!」,「mono」,「ばっどがーる」,「ポンポコタヌキとへっぽこ王子」,「ひよ&びびっと!」,「しーじーでしなじー」,「ササエルの中には誰もいない」,「ばっどがーる」,「mono」,「おちこぼれフルーツタルト」,「メールブルーの旅人」,「RPG不動産」,「メールブルーの旅人」
10,「ネガ→ポジ」,「さいけん。」,「ぱわーおぶすまいる。」,「P.S.リスタート」,「ぱわーおぶすまいる。」,「P.S.リスタート」,「とりあえず居合でも。」,「ぷらいまりィずむ！」,「ののかノート」,「P.S.リスタート」,「先輩には頭が上がらない！」,「ごきチャ」,「だいたいこんなンで？」,「ののかノート」,「とりあえず居合でも。」,「ばーどすとらいく！」,「はるみねーしょん」,「フレラジ☆」,「イキモノシステム」,「ぱわーおぶすまいる。」,「ぱわーおぶすまいる。」,「ぱわーおぶすまいる。」,「だいたいこんなンで？」,「ぱわーおぶすまいる。」,「社会人から始める異次元ライフ」,「まちカドまぞく」,「たびだより」,「ステラのまほう」,「まちカドまぞく」,「ススメマンガカ」,「ごきチャ」,「ごきチャ」,「おちこぼれフルーツタルト」,「やわらかモラトリアム」,「ごきチャ」,「平成生まれ3」,「キルミーベイベー」,「ごきチャ」,「ステラのまほう」,「黒髪巫女とマリアウィッチ」,「アニマエール!」,「アニマエール!」,「ぱわーおぶすまいる。」,「ねこのペンも借りたい」,「はやしたてまつり♪」,「トモダチヅクリ」,「おちこぼれフルーツタルト」,「それでも有栖川花子は夢を見るか?」,「トモダチヅクリ」,「黒髪巫女とマリアウィッチ」,「異なる次元の管理人さん」,「異なる次元の管理人さん」,「はやしたてまつり♪」,「恋する小惑星」,「エクソシストと首輪の悪魔」,「はやしたてまつり♪」,「キルミーベイベー」,「四姉妹は初恋のはじまり」,「おちこぼれフルーツタルト」,「すわっぷ⇔すわっぷ」,「すわっぷ⇔すわっぷ」,「我が家のスライムさん」,「まちカドまぞく」①,「恋する小惑星」,「相浦さんは出席番号1番」,「ひだまりスケッチ」,「はやしたてまつり♪」,「アニマエール!」,「恋する小惑星」,「恋する小惑星」,「ゆず35歳＠中学生やってます」,「キルミーベイベー」,「ブレンド・S」,「ひだまりスケッチ」,「恋する小惑星」,「mono」,「キルミーベイベー」,「アニマエール!」,「ゾンデッドキュート」,「おちこぼれフルーツタルト」,「RPG不動産」,「メイドさんの下着は特別です。」,「ごきんじょリビングデッド」,「異なる次元の管理人さん」,「ブレンド・S」,「Aチャンネル」,「Aチャンネル」,「RPG不動産」,「まちカドまぞく」,「またぞろ。」,「Aチャンネル」,「mono」,「RPG不動産」,「ブレンド・S」,「またぞろ。」,「mono」,「みこへんげっ!」,「キルミーベイベー」,「ばっどがーる」,「おちこぼれフルーツタルト」,「死神ドットコム」①,「ばっどがーる」,「しずねちゃんは今日も眠れない」,「またぞろ。」,「まちカドまぞく」,「ブレンド・S」,「ニチアサ以外はやってます!」,「ポンポコタヌキとへっぽこ王子」,「おちこぼれフルーツタルト」,「同居人ゲーマーズ」,「またぞろ。」,「死神ドットコム」,「トイブーケなら飴で叶えて」,「まちカドまぞく」,「メールブルーの旅人」,「おちこぼれフルーツタルト」,「ニチアサ以外はやってます!」,「メールブルーの旅人」,「うさパン焼いて悪いかよ!」,「キルミーベイベー」,「うさパン焼いて悪いかよ!」,「ひよ&びびっと!」,「RPG不動産」
11,「ぷらいまりィずむ！」,「セカイ魔王」,「まこころアシスト」,「放課後レシピ」,「すぷりんと！」,「あまゆる。」,「フレラジ☆」,「イキモノシステム」,「イキモノシステム」,「それでも私は耕したい。」,「だいたいこんなンで？」,「だいたいこんなンで？」,「ののかノート」,「とりあえず居合でも。」,「キルミーベイベー」,「だいたいこんなンで？」,「ばーどすとらいく！」,「けもみみパンデミック」,「平成生まれ2」,「ばーどすとらいく！」,「まちカドまぞく」,「平成生まれ2」,「ぱわーおぶすまいる。」,「だいたいこんなンで？」,「はるみねーしょん」,「ばーどすとらいく！」,「平成生まれ2」,「カスタムメイド！」,「ごきチャ」,「はるみねーしょん」,「はるみねーしょん」,「はるみねーしょん」,「ブレンド・S」,「まちカドまぞく」,「おちこぼれフルーツタルト」,「カスタムメイド!」,「ぱわーおぶすまいる。」,「はるみねーしょん」,「はるみねーしょん」,「ごきチャ」,「きらきら☆スタディー～絶対合格宣言～」,「異なる次元の管理人さん」,「ジューンフレンド」,「異なる次元の管理人さん」,「黒髪巫女とマリアウィッチ」,「すわっぷ⇔すわっぷ」,「黒髪巫女とマリアウィッチ」,「トモダチヅクリ」,「はるみねーしょん」,「おちこぼれフルーツタルト」,「花降り宿のやどかり乙女」,「エクソシストと首輪の悪魔」,「花降り宿のやどかり乙女」,「はやしたてまつり♪」,「ネコじまにゃんだフル」,「ネコじまにゃんだフル」,「アニマエール!」,「まちカドまぞく」,「恋する小惑星」,「おちこぼれフルーツタルト」,「花降り宿のやどかり乙女」,「おちこぼれフルーツタルト」,「先パイがお呼びです!」,「ゆず35歳＠中学生やってます」,「Aチャンネル」,「恋する小惑星」,「恋する小惑星」,「先パイがお呼びです!」,「精霊さまの難儀な日常」,「Aチャンネル」,「先パイがお呼びです!」,「正義ノ花道」,「すわっぷ⇔すわっぷ」,「ブレンド・S」,「mono」,「エクソシストと首輪の悪魔」,「先パイがお呼びです！」,「mono」,「ブレンド・S」,「先パイがお呼びです!」,「かぐらまいまい!」,「キルミーベイベー」,「キルミーベイベー」,「紡ぐ乙女と大正の月」,「あやしびと」,「異なる次元の管理人さん」,「ブレンド・S」,「魔王の娘からは逃れられない」,「精霊さまの難儀な日常」,「No Color!」,「ブレンド・S」,「恋する小惑星」,「しずねちゃんは今日も眠れない」,「あやしびと」,「ブレンド・S」,「キルミーベイベー」,「魔法使い降臨!!」,「ひだまりスケッチ」,「恋する小惑星」,「ひだまりスケッチ」,「死神ドットコム」②,「かぐらまいまい!」,「ばっどがーる」,「死神ドットコム」,「ブレンド・S」,「恋する小惑星」,「ポンポコタヌキとへっぽこ王子」,「異世界アイドル、推参です!」,「キルミーベイベー」,「しずねちゃんは今日も眠れない」,「キルミーベイベー」,「おちこぼれフルーツタルト」,「異世界アイドル、推参です!」,「mono」,「ニチアサ以外はやってます!」,「異世界アイドル、推参です!」,「中の人なんていませんっ!」,「翡翠ソーダの泡に乗せて」,「またぞろ。」,「異世界アイドル、推参です!」,「RPG不動産」,「ごきげんよう、一局いかが?」,「うさパン焼いて悪いかよ!」
12,「うぃーしぇあ！」,「イキモノシステム」,「はるみねーしょん」,「うぃーしぇあ！」,「はるみねーしょん」,「ののかノ〜ト」,「コドクの中のワタシ」,「はるみねーしょん」,「はるみねーしょん」,「ぱわーおぶすまいる。」,「イキモノシステム」,「ぷらいまりィずむ！」,「とりあえず居合でも。」,「ぱわーおぶすまいる。」,「イキモノシステム」,「平成生まれ2」,「ぱわーおぶすまいる。」,「へんてこバスと飴玉くるり」,「ののかノート」,「ブレンド・Ｓ」,「いつか四つ葉のシャムロック」,「ぷらいまりィずむ！」,「ホワイトサンドに手をふって」,「ブレンド・Ｓ」,「ごきチャ」,「こみっくがーるず」,「ぱわーおぶすまいる。」,「たびだより」,「たびだより」,「だいたいこんなンで?」,「アイドル声優☆上村とまり17歳」,「平成生まれ3」,「まちカドまぞく」,「カスタムメイド!」,「平成生まれ3」,「はるみねーしょん」,「平成生まれ3」,「ジューンフレンド」,「トモダチヅクリ」,「トモダチヅクリ」,「すわっぷ⇔すわっぷ」,「ジューンフレンド」,「平成生まれ3」,「黒髪巫女とマリアウィッチ」,「まちカドまぞく」,「ぶんぐのくにのおひめさま」,「はやしたてまつり♪」,「アニマエール!」,「はやしたてまつり♪」,「トモダチヅクリ」,「リラのお菓子な魔法」,「はるみねーしょん」,「アニマエール!」,「エクソシストと首輪の悪魔」,「アニマエール!」,「花降り宿のやどかり乙女」,「はるみねーしょん」,「ふじょ子とユリ子」,「ネコじまにゃんだフル」,「エクソシストと首輪の悪魔」,「アカリ様」,「精霊さまの難儀な日常」,「キルミーベイベー」,「花降り宿のやどかり乙女」,「ネコじまにゃんだフル」,「おちこぼれフルーツタルト」,「ネコじまにゃんだフル」,「Aチャンネル」,「正義ノ花道」,「メイドさんの下着は特別です。」,「正義ノ花道」,「精霊さまの難儀な日常」,「おか研」,「キルミーベイベー」,「精霊さまの難儀な日常」,「先パイがお呼びです！」,「かぐらまいまい！」,「ぐるメソッド!」,「キルミーベイベー」,「キルミーベイベー」,「魔王の娘からは逃れられない」,「RPG不動産」,「ブレンド・S」,「かぐらまいまい!」,「RPG不動産」,「メイドさんの下着は特別です。」,「アニマエール!」,「メイドさんの下着は特別です。」,「魔王の娘からは逃れられない」,「メイドさんの下着は特別です。」,「魔王の娘からは逃れられない」,「メイドさんの下着は特別です。」,「またぞろ。」,「またぞろ。」,「RPG不動産」,「異なる次元の管理人さん」,「恋する小惑星」,「しずねちゃんは今日も眠れない」,「みこへんげっ!」,「死神ドットコム」,「メイドさんの下着は特別です。」,「しずねちゃんは今日も眠れない」,「ニチアサ以外はやってます!」,「ササエルの中には誰もいない」,「おちこぼれフルーツタルト」,「この恋愛は非実在?」,「ブレンド・S」,「ニチアサ以外はやってます!」,「しずねちゃんは今日も眠れない」,「ブレンド・S」,「紡ぐ乙女と大正の月」,「しずねちゃんは今日も眠れない」,「紡ぐ乙女と大正の月」,「恋する小惑星」,「ササエルの中には誰もいない」,「ひよ&びびっと!」,「おちこぼれフルーツタルト」,「ごきげんよう、一局いかが?」,「ニチアサ以外はやってます!」,「ニチアサ以外はやってます!」,「ひよ&びびっと!」,「死神ドットコム」,「escape into the light」
13,「P.S.リスタート」,「ハレハレハレルヤ！」,「あまゆる。」,「セカイ魔王」,「だいたいこんなンで？」,「ゆきんこ*」,「イキモノシステム」,「NEW GAME!」,「だいたいこんなンで？」,「ぷらいまりィずむ！」,「NEW GAME!」,「時計じかけのミュージアム」,「フレラジ☆」,「セカイ魔王」,「ガールズガーデン」,「先輩には頭が上がらない！」,「けもみみパンデミック」,「ばーどすとらいく！」,「ウイルス☆バスターズ」,「ののかノート」,「カスタムメイド！」,「すわっぷ⇔すわっぷ」,「セカイ魔王」,「へんてこバスと飴玉くるり」,「ぱわーおぶすまいる。」,「純情乙女骨董店」,「すわっぷ⇔すわっぷ」,「まちカドまぞく」,「ばーどすとらいく！」,「カスタムメイド!」,「NEW GAME!」,「だいたいこんなンで?」,「へんてこバスと飴玉くるり」,「オトメビヨリ」,「リトル・リトル・アリス」,「ぱわーおぶすまいる。」,「おちこぼれフルーツタルト」,「リトル・リトル・アリス」,「疾風ういんどみる!」,「まちカドまぞく①」,「はやしたてまつり♪」,「ことこ・ア・カペラ」,「アニマエール!」,「ごきチャ」,「ことこ・ア・カペラ」,「ぱわーおぶすまいる。」,「疾風ういんどみる!」,「黒髪巫女とマリアウィッチ①」,「異なる次元の管理人さん①」,「花降り宿のやどかり乙女①」,「エクソシストと首輪の悪魔」,「花降り宿のやどかり乙女」,「ネコじまにゃんだフル」,「異なる次元の管理人さん」,「ゆず35歳＠中学生やってます」,「すわっぷ⇔すわっぷ」,「四姉妹は初恋のはじまり」,「エクソシストと首輪の悪魔」,「まちカドまぞく」,「精霊さまの難儀な日常」,「正義ノ花道」,「まちカドまぞく」,「花降り宿のやどかり乙女」,「はるみねーしょん」,「まちカドまぞく」①,「ふじょ子とユリ子」,「すわっぷ⇔すわっぷ」,「まちカドまぞく」,「ブレンド・S」,「正義ノ花道」,「精霊さまの難儀な日常」,「まちカドまぞく」,「異なる次元の管理人さん」,「精霊さまの難儀な日常」,「メイドさんの下着は特別です。」,「RPG不動産」,「幼なじみオブザデッド」,「精霊さまの難儀な日常」,「メイドさんの下着は特別です。」,「mono」,「あやしびと」,「mono」,「魔王の娘からは逃れられない」,「正義ノ花道」,「先パイがお呼びです!」,「紡ぐ乙女と大正の月」,「異なる次元の管理人さん」,「かぐらまいまい!」,「かぐらまいまい!」,「魔王の娘からは逃れられない」,「生徒会からは以上です。」,「ブレンド・S」,「かぐらまいまい!」,「しずねちゃんは今日も眠れない」,「恋する小惑星」,「かぐらまいまい!」,「またぞろ。」,「ニチアサ以外はやってます!」,「ニチアサ以外はやってます!」,「恋する小惑星」,「キルミーベイベー」,「ポンポコタヌキとへっぽこ王子」,「みちくさステップ」,「しずねちゃんは今日も眠れない」,「しずねちゃんは今日も眠れない」,「死神ドットコム」,「ぽんこつ魔法のプチフール」,「しずねちゃんは今日も眠れない」,「ササエルの中には誰もいない」,「キミと歌うシネマ」,「おちこぼれフルーツタルト」,「キルミーベイベー」,「ササエルの中には誰もいない」,「またぞろ。」,「おちこぼれフルーツタルト」,「死神ドットコム」,「はこにわどーるず」,「異世界アイドル、推参です!」,「どんちき!」,「ひよ&びびっと!」,「魔法少女はやめさせない!」,「mono」,「しんこうのすゝめ!」
14,「もぐもぐドロップ」,「はるみねーしょん」,「ぷらいまりィずむ！」,「NEW GAME!」,「ハレハレハレルヤ！」,「ハレハレハレルヤ！」,「それでも私は耕したい。」,「とりあえず居合でも。」,「NEW GAME!」,「だいたいこんなンで？」,「ぷらいまりィずむ！」,「フレラジ☆」,「先輩には頭が上がらない！」,「ぷらいまりィずむ！」,「平成生まれ2」,「セカイ魔王」,「ぷらいまりィずむ！」,「だいたいこんなンで？」,「ばーどすとらいく！」,「ウイルス☆バスターズ」,「うにうにうにうに」,「カスタムメイド！」,「すわっぷ⇔すわっぷ」,「ばーどすとらいく！」,「カスタムメイド！」,「ぱわーおぶすまいる。」,「NEW GAME!」,「ぱわーおぶすまいる。」,「ぱわーおぶすまいる。」,「トルネードよんじ」,「異なる次元の管理人さん」,「すわっぷ⇔すわっぷ」,「すわっぷ⇔すわっぷ」,「ぱわーおぶすまいる。」,「すわっぷ⇔すわっぷ」,「ごきチャ」,「リトル・リトル・アリス」,「ぱわーおぶすまいる。」,「ごきチャ」,「はるみねーしょん」,「はるみねーしょん」,「はるみねーしょん」,「はるみねーしょん」,「アニマエール!」,「はるみねーしょん」,「アニマエール!」,「はるみねーしょん」,「はるみねーしょん」,「スリ―マイン」,「花降り宿のやどかり乙女②」,「はやしたてまつり♪」,「恋する小惑星」,「はるみねーしょん」,「アニマエール!」,「すわっぷ⇔すわっぷ」,「恋する小惑星」,「すわっぷ⇔すわっぷ」,「恋する小惑星」,「はるみねーしょん」,「ゆーま!」,「精霊さまの難儀な日常」,「アカリ様」,「正義ノ花道」,「先パイがお呼びです!」,「花降り宿のやどかり乙女」,「まちカドまぞく」,「おちこぼれフルーツタルト」,「正義ノ花道」,「ゆず35歳＠中学生やってます」,「先パイがお呼びです!」,「すわっぷ⇔すわっぷ」,「異なる次元の管理人さん」,「おちこぼれフルーツタルト」,「はるみねーしょん」,「RPG不動産」,「ひだまりスケッチ」,「RPG不動産」,「非現実ヒロイン」,「精霊さまの難儀な日常」,「メイドさんの下着は特別です。」,「精霊さまの難儀な日常」,「アニマエール!」,「先パイがお呼びです!」,「精霊さまの難儀な日常」,「No Color!」,「魔王の娘からは逃れられない」,「精霊さまの難儀な日常」,「しずねちゃんは今日も眠れない」,「Aチャンネル」,「精霊さまの難儀な日常」,「かぐらまいまい!」,「あやしびと」,「精霊さまの難儀な日常」,「かぐらまいまい!」,「あやしびと」,「またぞろ。」,「しずねちゃんは今日も眠れない」,「みこへんげっ!」,「ちぐはぐ＊るーむしぇあ」,「ばっどがーる」,「紡ぐ乙女と大正の月」,「紡ぐ乙女と大正の月」,「ちょこりき!」,「みこへんげっ!」,「ササエルの中には誰もいない」,「七×七不思議」,「RI:BULL!!」,「ばっどがーる」①,「ぽんこつ魔法のプチフール」,「異世界アイドル、推参です!」,「しずねちゃんは今日も眠れない」,「ササエルの中には誰もいない」,「メールブルーの旅人」,「ニチアサ以外はやってます!」,「はこにわどーるず」①,「メールブルーの旅人」,「しーじーでしなじー」,「死神ドットコム」,「おちこぼれフルーツタルト」,「またぞろ。」,「のけもののまち」①,「うさパン焼いて悪いかよ!」,「コンビ名、考え中。」
15,「先輩には頭が上がらない！」,「さくらティーブレイク！」,「ふわふわパティスリー」,「あまゆる。」,「ひよこのいぬまにっ」,「彼氏ってどこに言ったら買えますの!?」,「ハレハレハレルヤ！」,「さくらティーブレイク！」,「いろはステーション」,「ブレンド・S」,「あまゆる。」,「先輩には頭が上がらない！」,「まごとじＧ」,「だいたいこんなンで？」,「ぱわーおぶすまいる。」,「まごとじG」,「平成生まれ2」,「平成生まれ2」,「へんてこバスと飴玉くるり」,「いつか四つ葉のシャムロック」,「平成生まれ2」,「ばーどすとらいく！」,「平成生まれ2」,「はるみねーしょん」,「あやかしみッくす！」,「ごきチャ」,「はるみねーしょん」,「ごきチャ」,「カスタムメイド！」,「平成生まれ2」,「ミソニノミコト」,「カスタムメイド!」,「こはる日和。」,「ビビッド・モンスターズ・クロニクル」,「たびだより」,「疾風ういんどみる!」,「ジューンフレンド」,「カスタムメイド!」,「平成生まれ3」,「ぱわーおぶすまいる。」,「トモダチヅクリ」,「ごきチャ」,「ことこ・ア・カペラ」,「はるみねーしょん」,「ジューンフレンド」,「黒髪巫女とマリアウィッチ」,「トモダチヅクリ」,「疾風ういんどみる!」,「ジューンフレンド」,「異なる次元の管理人さん」,「疾風ういんどみる!」,「はやしたてまつり♪」,「エクソシストと首輪の悪魔」,「はるみねーしょん」,「はやしたてまつり♪」,「はるみねーしょん」,「花降り宿のやどかり乙女」,「花降り宿のやどかり乙女」,「アニマエール!」①,「アニマエール!」,「メイドさんの下着は特別です。」,「恋する小惑星」,「エクソシストと首輪の悪魔」,「はやしたてまつり♪」,「ふじょ子とユリ子」,「すわっぷ⇔すわっぷ」,「ふじょ子とユリ子」,「すわっぷ⇔すわっぷ」,「まちカドまぞく」,「すわっぷ⇔すわっぷ」,「RPG不動産」,「先パイがお呼びです!」,「恋する小惑星」,「正義ノ花道」,「非現実ヒロイン」,「Aチャンネル」,「あやしびと」,「かぐらまいまい!」,「先パイがお呼びです!」,「正義ノ花道」,「mono」,「魔王の娘からは逃れられない」,「ぼっち・ざ・ろっく!」,「メイドさんの下着は特別です。」,「紡ぐ乙女と大正の月」,「あやしびと」,「あやしびと」,「またぞろ。」,「異なる次元の管理人さん」,「のらくらメルヘン」,「あやしびと」,「かぐらまいまい!」,「メイドさんの下着は特別です。」,「異なる次元の管理人さん」,「ひだまりスケッチ」,「しずねちゃんは今日も眠れない」,「メイドさんの下着は特別です。」,「ヤンキー×ジャーキー」,「ちょこりき!」,「ゆうやけトリップ」,「あやしびと」,「ニチアサ以外はやってます!」,「あやしびと」,「ニチアサ以外はやってます!」,「あやしびと」,「ニチアサ以外はやってます!」,「七×七不思議」,「ばっどがーる」②,「異世界アイドル、推参です!」,「異世界イーツ」,「ササエルの中には誰もいない」,「トイブーケなら飴で叶えて」,「ひだまりスケッチ」,「リバースゾーン」,「はこにわどーるず」②,「ニチアサ以外はやってます!」,「ひよ&びびっと!」,「ニチアサ以外はやってます!」,「死神ドットコム」,「翡翠ソーダの泡に乗せて」,「のけもののまち」②,「escape into the light」,「キルミーベイベー」
16,「ラッキー・ブレイク」,「フレラジ☆」,「セカイ魔王」,「ひよこのいぬまにっ」,「ネガ→ポジ」,「セカイ魔王」,「ネガ→ポジ」,「ハレハレハレルヤ！」,「ハレハレハレルヤ！」,「イキモノシステム」,「ハレハレハレルヤ！」,「ネガ→ポジ」,「ハレハレハレルヤ！」,「平成生まれ2」,「セカイ魔王」,「とりあえず居合でも。」,「さくらティーブレイク！」,「さくらティーブレイク！」,「はるみねーしょん」,「だいたいこんなンで？」,「ののかノート」,「ののかノート」,「天使と悪魔のスパイラル！」,「平成生まれ2」,「たびだより」,「マリアの林檎」,「だいたいこんなンで？」,「平成生まれ2」,「だいたいこんなンで？」,「たびだより」,「ばーどすとらいく!」,「ばーどすとらいく!」,「カスタムメイド!」,「すわっぷ⇔すわっぷ」,「ぱわーおぶすまいる。」,「リトル・リトル・アリス」,「疾風ういんどみる!」,「平成生まれ3」,「カスタムメイド!」,「異なる次元の管理人さん」,「黒髪巫女とマリアウィッチ」,「トモダチヅクリ」,「疾風ういんどみる!」,「むいかのあやめ」,「アニマエール!」,「カスタムメイド!」,「アニマエール!」,「リトル・リトル・アリス」,「アニマエール!」,「アニマエール!」,「まちカドまぞく」,「黒髪巫女とマリアウィッチ」,「ぽんこつヒーローアイリーン」,「黒髪巫女とマリアウィッチ」,「恋する小惑星」,「異なる次元の管理人さん」,「ふじょ子とユリ子」,「先パイがお呼びです!」,「アニマエール!」②,「はるみねーしょん」,「エクソシストと首輪の悪魔」,「花降り宿のやどかり乙女」,「恋する小惑星」,「エクソシストと首輪の悪魔」,「すわっぷ⇔すわっぷ」,「先パイがお呼びです!」,「はるみねーしょん」,「エクソシストと首輪の悪魔」,「キルミーベイベー」,「ゆず35歳＠中学生やってます」,「はるみねーしょん」,「メイドさんの下着は特別です。」,「正義ノ花道」,「異なる次元の管理人さん」,「花降り宿のやどかり乙女」,「ブレンド・S」,「ぐるメソッド！」,「正義ノ花道」,「古くて新しい思い出」,「異なる次元の管理人さん」,「異なる次元の管理人さん」,「異なる次元の管理人さん」,「正義ノ花道」,「先パイがお呼びです!」,「どーじんフェローズ!」,「せんぷくボンバー!」,「メイドさんの下着は特別です。」,「あやしびと」,「あやしびと」,「カラフルな旅行先」,「異なる次元の管理人さん」,「みこへんげっ!」,「おか研」,「魔王の娘からは逃れられない」,「キルミーベイベー」,「死神ドットコム」,「死神ドットコム」,「かぐらまいまい!」,「魔王の娘からは逃れられない」,「あやしびと」,「ポンポコタヌキとへっぽこ王子」,「魔王の娘からは逃れられない」,「かぐらまいまい!」,「この恋愛は非実在?」,「ニチアサ以外はやってます!」,「こってりブラッド」,「またぞろ。」,「ぽんこつ魔法のプチフール」,「キミと歌うシネマ」,「またぞろ。」,「キミと歌うシネマ」,「ひなたっこ」,「死神ドットコム」,「しずねちゃんは今日も眠れない」,「うさパン焼いて悪いかよ!」,「うさパン焼いて悪いかよ!」,「メールブルーの旅人」,「しーじーでしなじー」,「ひよ&びびっと!」,「死神ドットコム」,「ニチアサ以外はやってます!」,「のけもののまち」,「紡ぐ乙女と大正の月」
17,「イキモノシステム」,「ぷらいまりィずむ！」,「NEW GAME!」,「ウォ―ターガールズ」,「ののかノ〜ト」,「すぷりんと！」,「すくーる・くえすと！」,「いろはステーション」,「しずくマリアージュ！」,「ハレハレハレルヤ！」,「ブレンド・S」,「まごとじＧ」,「イキモノシステム」,「あまゆる。」,「ハレハレハレルヤ！」,「ののかノート」,「へんてこバスと飴玉くるり」,「はるみねーしょん」,「さくらティーブレイク！」,「まちカドまぞく」,「セカイ魔王」,「天使と悪魔のスパイラル！」,「ぷらいまりィずむ！」,「たびだより」,「あまゆる。」,「いろはよしなに」,「プライベートガール」,「異なる次元の管理人さん」,「ブレンド・Ｓ」,「ぱわーおぶすまいる。」,「トルネードよんじ」,「たびだより」,「やわらかモラトリアム」,「つりぱん。」,「すぽっとらいと!」,「ジューンフレンド」,「はるみねーしょん」,「トモダチヅクリ」,「黒髪巫女とマリアウィッチ」,「すわっぷ⇔すわっぷ」,「ばーどすとらいく!」,「宝くじで10億当たった元JKだけど質問あるやつおる?」,「リトル・リトル・アリス」,「平成生まれ3」,「宝くじで10億当たった元JKだけど質問あるやつおる?」,「リトル・リトル・アリス」,「ぶんぐのくにのおひめさま」,「ことこ・ア・カペラ」,「勇者なんてお断り!」,「リラのお菓子な魔法①」,「恋する小惑星」,「疾風ういんどみる!」,「まちカドまぞく」,「メイドさんの下着は特別です。」,「ちぃねぇちゃんはインドア妹と遊びたい」,「アニマエール!」,「先パイがお呼びです!」,「異なる次元の管理人さん」,「ふじょ子とユリ子」①,「ぷにむにコンプレクス」,「恋する小惑星」,「ネコじまにゃんだフル」,「ゆず35歳＠中学生やってます」,「メイドさんの下着は特別です。」,「先パイがお呼びです!」,「RPG不動産」,「ゆず35歳＠中学生やってます」,「メイドさんの下着は特別です。」,「先パイがお呼びです!」,「mono」,「エクソシストと首輪の悪魔」,「mono」,「かぐらまいまい!」,「先パイがお呼びです!」,「魔王の娘からは逃れられない」,「あやしびと」,「精霊さまの難儀な日常」,「先パイがお呼びです!」,「かぐらまいまい!」,「魔王の娘からは逃れられない」,「紡ぐ乙女と大正の月」①,「かぐらまいまい!」,「NEW GAME!」②,「あやしびと」,「かぐらまいまい!」,「No Color!」,「魔王の娘からは逃れられない」,「異なる次元の管理人さん」,「アニマエール!」,「異なる次元の管理人さん」,「みこへんげっ!」,「またぞろ。」,「魔王の娘からは逃れられない」,「メイドさんの下着は特別です。」,「しずねちゃんは今日も眠れない」,「ぴぼあらふぃごれ!!」,「ぴぼあらふぃごれ!!」,「またぞろ。」,「あやしびと」,「ニチアサ以外はやってます!」,「かぐらまいまい!」,「如月メイボは全力恋愛」,「ポンポコタヌキとへっぽこ王子」,「みちくさステップ」,「ポンポコタヌキとへっぽこ王子」,「幼女警察24時」,「反魔法少女†カタストロフィ」,「本当にまおうサマ」,「プランタンワープ」,「ぽんこつ魔法のプチフール」,「まこヘキ」,「メールブルーの旅人」,「働きたくない!!聖女様!?」,「トイブーケなら飴で叶えて」,「中の人なんていませんっ!」①,「ふたばコミュニケーション」,「魔法少女はやめさせない!」,「しんこうのすゝめ!」,「翡翠ソーダの泡に乗せて」,「ふたばコミュニケーション」,「しんこうのすゝめ!」,「ニチアサ以外はやってます!」,「勇者は仕事中です!」
18,「さくらティーブレイク！」,「うぃーしぇあ！」,「さくらティーブレイク！」,「先輩には頭が上がらない！」,「セカイ魔王」,「ネガ→ポジ」,「はるみねーしょん」,「インプロ！」,「あまゆる。」,「フレラジ☆」,「セカイ魔王」,「イキモノシステム」,「ましろなでしこ」,「イキモノシステム」,「あまゆる。」,「＋ぽじてぃ部」,「ののかノート」,「風紀委員会清純派」,「ぷらいまりィずむ！」,「イキモノシステム」,「ウイルス☆バスターズ」,「はるみねーしょん」,「はるみねーしょん」,「すわっぷ⇔すわっぷ」,「へんてこバスと飴玉くるり」,「社会人から始める異次元ライフ」,「いろはよしなに」,「だいたいこんなンで？」,「平成生まれ2」,「あくてぃびてぃっ!‐情報支援活動探偵事務所‐」,「ぱわーおぶすまいる。」,「からじょ。」,「異なる次元の管理人さん」,「リトル・リトル・アリス」,「異なる次元の管理人さん」,「すぽっとらいと!」,「トモダチヅクリ」,「参りましょう、ドジ姫様」,「ぱわーおぶすまいる。」,「カスタムメイド!」,「ごきチャ」,「疾風ういんどみる!」,「トモダチヅクリ」,「疾風ういんどみる!」,「リトル・リトル・アリス」,「ことこ・ア・カペラ」,「スリ―マイン」,「ジューンフレンド」,「黒髪巫女とマリアウィッチ」,「リラのお菓子の魔法②」,「はるみねーしょん」,「リラのお菓子な魔法」,「ユーレイといっしょ」,「リラのお菓子な魔法」,「異なる次元の管理人さん」,「ふじょ子とユリ子」,「はやしたてまつり♪」,「ネコじまにゃんだフル」,「異なる次元の管理人さん」,「ふじょ子とユリ子」,「ネコじまにゃんだフル」,「トモダチヅクリ」,「ふじょ子とユリ子」,「怪盗メイドはかまってほしい!」,「はるみねーしょん」,「花降り宿のやどかり乙女」,「メイドさんの下着は特別です。」,「花降り宿のやどかり乙女」,「りとるがーる」,「エクソシストと首輪の悪魔」,「ふじょ子とユリ子」,「ゆず35歳＠中学生やってます」,「はるみねーしょん」,「ネコじまにゃんだフル」,「異なる次元の管理人さん」,「魔王の娘からは逃れられない」,「非現実ヒロイン」,「メイドさんの下着は特別です。」,「明日は明日のもくしろく!」,「メイド喫茶・エーデルワイスへようこそ!」,「紡ぐ乙女と大正の月」②,「おか研」,「しずねちゃんは今日も眠れない」,「魔王の娘からは逃れられない」,「メイドさんの下着は特別です。」,「背後から失霊します!」,「私の上司は中二病」,「アニマエール!」,「私の上司は中二病」,「背後から失霊します!」,「精霊さまの難儀な日常」,「アニマエール!」,「異なる次元の管理人さん」,「キャットアンドチョコレート」,「みこへんげっ!」,「魔王の娘からは逃れられない」,「かぐらまいまい!」,「死神ドットコム」,「かぐらまいまい!」,「みこへんげっ!」,「如月メイボは全力恋愛」,「みこへんげっ!」,「みこへんげっ!」,「あやしびと」,「死神ドットコム」,「本当にまおうサマ」,「パティスリーロゼへようこそ」,「七×七不思議」,「あやしびと」,「ふる潔き!」,「ふる潔き!」,「キミと歌うシネマ」,「ひなたっこ」,「異世界アイドル、推参です!」,「中の人なんていませんっ!」②,「魔法少女はやめさせない!」,「迷子のお星さま」,「茂林堂コーヒーハウス」,「魔法少女はやめさせない!」,「ポンポコタヌキとへっぽこ王子」,「わんるーむ☆さんせっと」,「魔法少女はやめさせない!」,「ワンダーメイツユートピア」
19,「さいけん。」,「もこもこBOX」,「このはなさくや」,「フレラジ☆」,「放課後レシピ」,「ぷらいまりィずむ！」,「幸腹グラフィティ」,「フレラジ☆」,「フレラジ☆」,「しずくマリアージュ！」,「P.S.リスタート」,「ハレハレハレルヤ！」,「あまゆる。」,「フレラジ☆」,「フレラジ☆」,「あまゆる。」,「し、のたまわく。」,「ののかノート」,「フレラジ☆」,「フレラジ☆」,「はるみねーしょん」,「あまゆる。」,「カスタムメイド！」,「ホワイトサンドに手をふって」,「アプリル」,「へんてこバスと飴玉くるり」,「純情乙女骨董店」,「プライベートガール」,「×しますイヴ！」,「×しますイヴ!」,「だいたいこんなンで?」,「織姫ナンバー2」,「ばーどすとらいく!」,「へんてこバスと飴玉くるり」,「夢の中のカノジョ」,「たびだより」,「異なる次元の管理人さん」,「異なる次元の管理人さん」,「リトル・リトル・アリス」,「リトル・リトル・アリス」,「疾風ういんどみる!」,「はやしたてまつり♪」,「あんじぇりっく・ましぇり」,「トモダチヅクリ」,「トモダチヅクリ」,「はやしたてまつり♪」,「ジューンフレンド」,「急須の暇神様」,「ことこ・ア・カペラ」,「はるみねーしょん」,「黒髪巫女とマリアウィッチ」,「プリフリ番長!」,「リラのお菓子な魔法」,「トモダチヅクリ」,「黒髪巫女とマリアウィッチ」,「ゆず35歳＠中学生やってます」,「エクソシストと首輪の悪魔」,「魔王様かるちゃあしょっく!」,「はやしたてまつり♪」,「はやしたてまつり♪」,「はやしたてまつり♪」,「正義ノ花道」,「アカリ様」,「正義ノ花道」,「正義ノ花道」,「エクソシストと首輪の悪魔」,「花降り宿のやどかり乙女」,「ゆず35歳＠中学生やってます」,「メイドさんの下着は特別です。」,「背伸びガールズ」,「ごきんじょリビングデッド」,「いっか先生頑張って!」,「蛇と猫」,「ふしぎ☆生徒会」,「はるみねーしょん」,「正義ノ花道」,「お姉様はお戯れがすぎる」,「はるみねーしょん」,「正義ノ花道」,「ねこみみクローバー」,「メイドさんの下着は特別です。」,「正義ノ花道」,「精霊さまの難儀な日常」,「彼女がイチバンかわいい」,「魔王の娘からは逃れられない」,「またぞろ。」,「No Color!」,「紡ぐ乙女と大正の月」,「内気な内側くるんでポイっ!」,「おか研」,「誕プレは魔法少女」,「精霊さまの難儀な日常」,「生徒会からは以上です。」,「より撮りみどり」,「かぐらまいまい!」,「メイドさんの下着は特別です。」,「魔王の娘からは逃れられない」,「あやしびと」,「ドールがとーるっ!!」,「如月メイボは全力恋愛」,「うわさの妖怪ちゃん」,「メイドさんの下着は特別です。」,「魔界に天使がやってきた」,「魔界に天使がやってきた」,「この恋愛は非実在?」,「おさとうVRツアー」,「見えぬ明日も一歩から」,「放課後の間にマに」,「ふる潔き!」,「おふらいん」,「おふらいん」,「まこヘキ」,「まこヘキ」,「死神ドットコム」,「オモロとジュリエッタ」,「中の人なんていませんっ!」,「ばっどがーる」②,「女装男子校のXX」,「茂林堂コーヒーハウス」,「女装男子校のXX」,「死神ドットコム」,「ふたばコミュニケーション」,「現実逃避さりげなく」
20,「もこもこBOX」,「先輩には頭が上がらない！」,「フレラジ☆」,「ぷらいまりィずむ！」,「うぃーしぇあ！」,「だいたいこんなンで？」,「あまゆる。」,「あまゆる。」,「ふわふわパティスリー」,「先輩には頭が上がらない！」,「ネガ→ポジ」,「ましろなでしこ」,「時計じかけのミュージアム」,「ハレハレハレルヤ！」,「ラッキー・ブレイク」,「さくらティーブレイク！」,「とりあえず居合でも。」,「あまゆる。」,「だいたいこんなンで？」,「図書委員ですがなにか？」,「イキモノシステム」,「フレラジ☆」,「ののかノート」,「あまゆる。」,「だいたいこんなンで？」,「たびだより」,「へんてこバスと飴玉くるり」,「へんてこバスと飴玉くるり」,「へんてこバスと飴玉くるり」,「へんてこバスと飴玉くるり」,「平成生まれ2」,「トルネードよんじ」,「織姫ナンバー2」,「異なる次元の管理人さん」,「つりぱん。」,「異なる次元の管理人さん」,「ばーどすとらいく!」,「ばーどすとらいく!」,「参りましょう、ドジ姫様」,「平成生まれ3」,「リトル・リトル・アリス」,「リトル・リトル・アリス」,「宝くじで10億当たった元JKだけど質問あるやつおる?」,「ジューンフレンド」,「疾風ういんどみる!」,「ジューンフレンド」,「レトロゲーム・オンライン」,「ぶんぐのくにのおひめさま」,「リトル・リトル・アリス」,「リトル・リトル・アリス」,「ふじょ子とユリ子」,「ダメイドスクール!」,「疾風ういんどみる!」,「あいあむアイスクリーム!」,「リラのお菓子な魔法」,「エクソシストと首輪の悪魔」,「異なる次元の管理人さん」,「リトル・リトル・アリス」,「花降り宿のやどかり乙女」,「ネコじまにゃんだフル」,「疾風ういんどみる!」,「エクソシストと首輪の悪魔」,「怪盗メイドはかまってほしい!」,「ネコじまにゃんだフル」,「はやしたてまつり♪」,「メイドさんの下着は特別です。」,「おとぎの街のキャスト」,「ネコじまにゃんだフル」,「ふじょ子とユリ子」,「花降り宿のやどかり乙女」,「異なる次元の管理人さん」,「はるみねーしょん」,「メイドさんの下着は特別です。」,「花降り宿のやどかり乙女」,「お姉様はお戯れがすぎる」,「ネコじまにゃんだフル」,「正義ノ花道」,「ふじょ子とユリ子」,「メイド喫茶・エーデルワイスへようこそ!」,「どーじんフェローズ!」,「先パイがお呼びです!」,「先パイがお呼びです!」,「かぐらまいまい!」,「またぞろ。」,「のらくらメルヘン」,「しずねちゃんは今日も眠れない」,「せんぷくボンバー!」,「私の上司は中二病」,「背後から失霊します!」,「友達の攻略方法について」,「けも耳パラサイト」,「生徒会からは以上です。」,「けも耳パラサイト」,「カラフルな旅行先」,「メイドさんの下着は特別です。」,「きゃんでぃ!」,「星夢細工のシュトーレン」,「ぴぼあらふぃごれ!!」,「めがみさまのおねがいっ!」,「カワイイは繕う!」,「シュガーインシュガー」,「NEW GAME!」②,「めがみさまのおねがいっ!」,「シュガーインシュガー」,「みちくさステップ」,「我ら不登校」,「今日の魔法は何にする?」,「トゥーBEE オア ノット トゥーBEE」,「放課後!DBK」,「めがみさまのおねがいっ!」,「ひなたっこ」,「おふらいん」,「トゥーBEE オア ノット トゥーBEE」,「おふらいん」,「魔法少女はやめさせない!」,「オモロとジュリエッタ」,「茂林堂コーヒーハウス」,nan,「ポンポコタヌキとへっぽこ王子」,nan,nan,nan,「ゆびとつち」
21,「インプロ！」,「あまゆる。」,「もこもこBOX」,「ラッキー・ブレイク」,「インプロ！」,「うぃーしぇあ！」,「インプロ！」,「ネガ→ポジ」,「ネガ→ポジ」,「セカイ魔王」,「さくらティーブレイク！」,「P.S.リスタート」,「セカイ魔王」,「蒼と翡翠の不等号」,「先輩には頭が上がらない！」,「蒼と翡翠の不等号」,「先輩には頭が上がらない！」,「先輩には頭が上がらない！」,「セカイ魔王」,「あまゆる。」,「フレラジ☆」,「イキモノシステム」,「天罰デス！」,「ののかノート」,「会長様の言うとおり」,「だいたいこんなンで？」,「あやかしみッくす！」,「純情乙女骨董店」,「るいたま」,「癒さレクチャー!」,「たびだより」,「ぽかぽかラプソディ」,「おかしな家にさとーちゃん」,「たびだより」,「さん・さん・さんっ」,「ばーどすとらいく!」,「たびだより」,「へんてこバスと飴玉くるり」,「異なる次元の管理人さん」,「五つ葉クローバー」,「ぱわーおぶすまいる。」,「ぱわーおぶすまいる。」,「カスタムメイド!」,「ぱわーおぶすまいる。」,「ぱわーおぶすまいる。」,「レトロゲーム・オンライン」,「ことこ・ア・カペラ」,「スリ―マイン」,「それでも有栖川花子は夢を見るか?」,「勇者なんてお断り!」,「リトル・リトル・アリス」,「トモダチヅクリ」,「小犬とお姫様」,「貧乏神ちゃんはうまくできない」,「疾風ういんどみる!」,「黒髪巫女とマリアウィッチ」,「疾風ういんどみる!」,「はやしたてまつり♪」,「疾風ういんどみる!」,「トモダチヅクリ」,「異なる次元の管理人さん」,「異なる次元の管理人さん」,「ネコじまにゃんだフル」,「異なる次元の管理人さん」,「異なる次元の管理人さん」,「はるみねーしょん」,「正義ノ花道」,「はるみねーしょん」,「エクソシストと首輪の悪魔」,「異なる次元の管理人さん」,「ネコじまにゃんだフル」,「ふじょ子とユリ子」,「花降り宿のやどかり乙女」,「天晴れ雨模様」,「エクソシストと首輪の悪魔」,「異なる次元の管理人さん」,「おか研」,「ネコじまにゃんだフル」,「異なる次元の管理人さん」,「古くて新しい思い出」,「熊猫はねこでなし」,「ねこみみクローバー」,「あやしびと」,「おらつきメイド」,「ネコかぶネット」,「カラフルな旅行先」,「まちまちまぁち」,「NEW GAME!」②,「アノコウリャク」,「頭星フィールド」,「黒子さんはふざけたい」,「けも耳パラサイト」,「ミカラコイ」,「くぅべるちゅうる」,「魔王の娘からは逃れられない」,「みこへんげっ!」,「おか研」,「魔王の娘からは逃れられない」,「メイドさんの下着は特別です。」,「ちょこりき!」,「魔王の娘からは逃れられない」,nan,「ちぐはく＊るーむしぇあ」,「本当にまおうサマ」,「魔界に天使がやってきた」,「あやしびと」,「たいむずピース」,「TUNAGUあぷり」,「無田さんは生きづらい」,「まこヘキ」,「おすすめチャンネルちゃん」,「またぞろ。」,「まちカドまぞく」,「オモロとジュリエッタ」,「わんるーむ☆さんせっと」,nan,nan,nan,「ひだまりスケッチ」,nan,nan,nan,nan
22,「このはなさくや」,「インプロ！」,「イキモノシステム」,「ふわふわパティスリー」,「NEW GAME!」,「ラッキー・ブレイク」,「ラッキー・ブレイク」,「ラッキー・ブレイク」,「それでも私は耕したい。」,「ラッキー・ブレイク」,「ラッキー・ブレイク」,「ラッキー・ブレイク」,「癒さレクチャー！」,「コイカノ」,「さくらティーブレイク！」,「P.S.リスタート」,「あまゆる。」,「P.S.リスタート」,「先輩には頭が上がらない！」,「ぷらいまりィずむ！」,「し、のたまわく。」,「P.S.リスタート」,「イキモノシステム」,「天使と悪魔のスパイラル！」,「ののかノート」,「フタリグラシィ」,「癒さレクチャー！」,「いろはよしなに」,「プライベートガール」,「ウサギとカメは両想い?」,「ススメマンガカ」,「ミカヅキぐろーいんぐ!」,「ミカヅキぐろーいんぐ!」,「ばーどすとらいく!」,「へんてこバスと飴玉くるり」,「へんてこバスと飴玉くるり」,「へんてこバスと飴玉くるり」,「ねこのペンも借りたい」,「ゆーま!」,「ばーどすとらいく!」,「カスタムメイド!」,「塾後のあそびば」,「YtD」,「リトル・リトル・アリス」,「カスタムメイド!」,「疾風ういんどみる!」,「屋根裏のイチコさん」,「ユーレイといっしょ」,「あいあむアイスクリーム!」,「満天荘に気をつけて!」,「ダメイドスクール!」,「リトル・リトル・アリス」,「トモダチヅクリ」,「疾風ういんどみる!」,「メイドさんの下着は特別です。」,「疾風ういんどみる!」,「黒髪巫女とマリアウィッチ」,「黒髪巫女とマリアウィッチ」,「ぷにむにコンプレクス」,「異なる次元の管理人さん」,「ふじょ子とユリ子」,「ふじょ子とユリ子」,「はやしたてまつり♪」,「ふじょ子とユリ子」,「メイドさんの下着は特別です。」,「正義ノ花道」,「エクソシストと首輪の悪魔」,「異なる次元の管理人さん」,「背伸びガールズ」,「ふじょ子とユリ子」,「メイドさんの下着は特別です。」,「エクソシストと首輪の悪魔」,「ネコじまにゃんだフル」,「エクソシストと首輪の悪魔」,「ふじょ子とユリ子」,「はるみねーしょん」,「ふじょ子とユリ子」,「TRUE BLUE」,「どーじんフェローズ!」,「明日は明日のもくしろく!」,「正義ノ花道」,「NEW GAME!」②,「ハイシンテンシ」,「白百合が咲いたり咲かなかったりする頃に」,「パニッシュメントスクール」,「のらくらメルヘン」,「背後から失霊します!」,nan,「メイドさんの下着は特別です。」,「アノコウリャク」,「NEW GAME!」②,「より撮りみどり」,「より撮りみどり」,「ちぐはぐ＊るーむしぇあ」,「星夢細工のシュトーレン」,「星夢細工のシュトーレン」,「NEW GAME!」②,「NEW GAME!」②,「NEW GAME!」②,「メイドさんの下着は特別です。」,nan,nan,「NEW GAME!」②,「ばっどがーる」②,「幼女警察24時」,nan,nan,nan,nan,「トゥーBEE オア ノット トゥーBEE」,nan,nan,「しずねちゃんは今日も眠れない」,nan,nan,nan,nan,nan,nan,nan,nan,nan,nan
23,「あまゆる。」,「このはなさくや」,「インプロ！」,「インプロ！」,「ぷらいまりィずむ！」,「先輩には頭が上がらない！」,「ゆきんこ*」,「ゆきんこ*」,「さくらティーブレイク！」,「あまゆる。」,「フレラジ☆」,「セカイ魔王」,「ぷらいまりィずむ！」,「先輩には頭が上がらない！」,「ここめ不定点」,「癒さレクチャー！」,「P.S.リスタート」,「とりあえず居合でも。」,「あまゆる。」,「とりあえず居合でも。」,「あまゆる。」,「とりあえず居合でも。」,「あまゆる。」,「イキモノシステム」,「イキモノシステム」,「イキモノシステム」,「ののかノート」,「×しますイヴ！」,「BACK♪STAGE」,「いろはよしなに」,「ミカヅキぐろーいんぐ!」,「しましまライオン」,「塾後のあそびば」,「ミニオン親衛隊」,「塾後のあそびば」,「夢の中のカノジョ」,「ゆーま!」,「ゆーま!」,「ばーどすとらいく!」,「へんてこバスと飴玉くるり」,「平成生まれ3」,「平成生まれ3」,「この奉仕のこころ!」,「急須の暇神様」,「へんてこバスと飴玉くるり」,「屋根裏のイチ子さん」,「急須の暇神様」,「柊家の五人姉妹」,「満天荘に気をつけて!」,「プリフリ番長!」,「プリフリ番長!」,「ふじょ子とユリ子」,「リトル・リトル・アリス」,「リトル・リトル・アリス」,「リトル・リトル・アリス」,「ちぃねぇちゃんはインドア妹と遊びたい」,「リトル・リトル・アリス」,「疾風ういんどみる!」,「魔王様かるちゃあしょっく」,「ぽちはおまわりさん」,「ぽちはおまわりさん」,「はやしたてまつり♪」,「ラボメイト」,「スイート♥ショコラティエ」,「まちカドまぞく」②,「はやしたてまつり♪」,「異なる次元の管理人さん」,「エリクサーの楽しい作り方」,「ネコじまにゃんだフル」,「りとるがーる」,「花降り宿のやどかり乙女」,「ネコじまにゃんだフル」,「ふじょ子とユリ子」,「ふじょ子とユリ子」,「漫ガール」,「ふじょ子とユリ子」,「ネコじまにゃんだフル」,「NEW GAME!」②,「魔王の娘からは逃れられない」②,「NEW GAME!」②,「NEW GAME!」②,nan,「異なる次元の管理人さん」,「NEW GAME!」②,「NEW GAME!」②,「夢色×パステル」,「NEW GAME!」②,nan,「NEW GAME!」②,「NEW GAME!」②,nan,「NEW GAME!」②,「ネコのてはかりるべき」,「NEW GAME!」➁,「アニメのお仕事」,「NEW GAME!」②,nan,nan,nan,nan,nan,nan,nan,nan,nan,nan,nan,nan,nan,nan,nan,nan,nan,nan,nan,nan,nan,nan,nan,nan,nan,nan,nan
24,「ウォ―ターガールズ」,「ウォ―ターガールズ」,「ウォ―ターガールズ」,「さくらティーブレイク！」,「さくらティーブレイク！」,「インプロ！」,「ぷらいまりィずむ！」,「うぃーしぇあ！」,「うぃーしぇあ！」,「ネガ→ポジ」,「魔女と森とレストランで」,「さくらティーブレイク！」,「さくらティーブレイク！」,「P.S.リスタート」,nan,「ハレハレハレルヤ！」,「ハレハレハレルヤ！」,「セカイ魔王」,「とりあえず居合でも。」,「P.S.リスタート」,「とりあえず居合でも。」,「セカイ魔王」,「フレラジ☆」,「フレラジ☆」,「フレラジ☆」,「フレラジ☆」,「イキモノシステム」,「イキモノシステム」,「フタリグラシィ」,「マリアの林檎」,「mission」,「ススメマンガカ」,「ぽかぽかラプソディ」,「ぽかぽかラプソディ」,「ミニオン親衛隊」,「癒さレクチャー!」,「ねこのペンも借りたい」,「塾後のあそびば」,「へんてこバスと飴玉くるり」,「まちカドまぞく②」,「へんてこバスと飴玉くるり」,「へんてこバスと飴玉くるり」,「へんてこバスと飴玉くるり」,「カスタムメイド!」,「むいかのあやめ」,「宝くじで10億当たった元JKだけど質問あるやつおる?」,「ブレンド・S②」,「ハッピーフォーチュン!」,「まちカドまぞく②」,「ダメイドスクール!」,「もじもじシャイリィ」,「サイレントフラワー」,「プリフリ番長!」,「ユメミるタマゴ」,「シスタースクランブル」,「リトル・リトル・アリス」,「トモダチヅクリ」,「ごきんじょリビングデッド」,「トモダチヅクリ」,「疾風ういんどみる!」,「トモダチヅクリ」,「メイドさんの下着は特別です。」,「まちカドまぞく」②,「我が家のスライムさん」,「アニマエール!」②,「異なる次元の管理人さん」,「エリクサーの楽しい作り方」,「ふじょ子とユリ子」,「おとぎの街のキャスト」,「ネコじまにゃんだフル」,「妖精たち冒険記」,「花降り宿のやどかり乙女」,「エクソシストと首輪の悪魔」,「学校には弁当食べに来てますの」,「ネコじまにゃんだフル」,「まちカドまぞく」②,「はるみねーしょん」,nan,nan,nan,nan,nan,nan,nan,nan,nan,nan,nan,nan,nan,nan,nan,nan,nan,「NEW GAME!」②,nan,nan,nan,nan,nan,nan,nan,nan,nan,nan,nan,nan,nan,nan,nan,nan,nan,nan,nan,nan,nan,nan,nan,nan,nan,nan,nan,nan
25,「ここめ不定点」,「ここめ不定点」,「ここめ不定点」,「ここめ不定点」,「ここめ不定点」,「ここめ不定点」,「うぃーしぇあ！」,「ここめ不定点」,「ここめ不定点」,「さくらティーブレイク！」,「ここめ不定点」,「あまゆる。」,「ここめ不定点」,「さくらティーブレイク！」,nan,「ぷらいまりィずむ！」,「セカイ魔王」,nan,「こころマージナル」,「セカイ魔王」,「P.S.リスタート」,nan,「P.S.リスタート」,「P.S.リスタート」,「平成生まれ2」,「平成生まれ2」,「フレラジ☆」,「フレラジ☆」,「イキモノシステム」,「イキモノシステム」,「すわっぷ⇔すわっぷ②」,「癒さレクチャー!」,「ごきチャ」,「平成生まれ3」,「ガールズ・スタディ」,「NEW GAME!②」,「NEW GAME!②」,「NEW GAME!②」,「NEW GAME!②」,「NEW GAME!②」,「NEW GAME!②」,「NEW GAME!②」,「NEW GAME!②」,「NEW GAME!②」,「ブレンド・S②」,「ブレンド・S②」,nan,「黒髪巫女とマリアウィッチ②」,「異なる次元の管理人さん②」,「ご趣味のすすめ」,「めぐるスピン」,「ブレンド・S②」,「NEW GAME!②」,「NEW GAME!②」,「トモダチヅクリ」,「リラのお菓子な魔法」,「恋する小惑星②」,「トモダチヅクリ」,「ふじょ子とユリ子」②,「NEW GAME!」②,「NEW GAME!」②,「NEW GAME!」②,「NEW GAME!」②,「ユーレイと友達になる方法」,「NEW GAME!」②,「NEW GAME!」②,「NEW GAME!」②,「NEW GAME!」②,「NEW GAME!」②,「NEW GAME!」②,「死んだ目の魚をしている」,「NEW GAME!」②,「NEW GAME!」②,「NEW GAME!」②,「NEW GAME!」②,「NEW GAME!」②,nan,nan,nan,nan,nan,nan,nan,nan,nan,nan,nan,nan,nan,nan,nan,nan,nan,nan,nan,nan,nan,nan,nan,nan,nan,nan,nan,nan,nan,nan,nan,nan,nan,nan,nan,nan,nan,nan,nan,nan,nan,nan,nan,nan,nan,nan,nan
26,nan,nan,nan,nan,nan,nan,「ここめ不定点」,nan,nan,「ここめ不定点」,nan,nan,nan,nan,nan,nan,nan,nan,nan,nan,nan,nan,nan,nan,nan,nan,nan,nan,nan,nan,nan,nan,nan,nan,nan,nan,nan,nan,nan,nan,nan,nan,nan,nan,nan,nan,nan,nan,nan,nan,nan,nan,nan,nan,nan,「トモダチヅクリ」,nan,nan,nan,nan,nan,nan,nan,nan,nan,nan,nan,nan,nan,nan,nan,nan,nan,nan,nan,nan,nan,nan,nan,nan,nan,nan,nan,nan,nan,nan,nan,nan,nan,nan,nan,nan,nan,nan,nan,nan,nan,nan,nan,nan,nan,nan,nan,nan,nan,nan,nan,nan,nan,nan,nan,nan,nan,nan,nan,nan,nan,nan,nan,nan,nan,nan,nan
ひだまり,2,1,5,5,,6,,6,,1,,,6,,1,2,,1,,6,1,6,,3,1,1,,1,3,,5,1,,7,1,6,6,9,,1,,5,4,,5,2,5,,1,4,,6,,,,9,,4,9,9,,,8,1,,10,,4,,9,,,,10,,14,,,,9,,,,8,,8,,,5,,,6,,,15,,,11,,11,,5,,,1,,,,,,,,15,,,,,,21,,,1,
ひだまり,False,1,5,False,,6,,False,,1,,,False,,False,False,,False,,False,False,False,,False,1,1,,1,False,,5,1,,False,1,False,False,9,,1,,5,False,,5,False,5,,False,False,,False,,,,False,,False,9,9,,,False,False,,False,,False,,9,,,,False,,False,,,,False,,,,False,,False,,,5,,,False,,,False,,,False,,False,,5,,,1,,,,,,,,False,,,,,,False,,,1,
Aチャンネル,5,5,2,1,2,2,1,1,2,5,1,2,1,3,8,1,2,5,2,1,3,2,1,4,9,5,9,5,1,2,3,5,1,3,6,9,3,8,5,6,1,2,5,8,7,4,2,2,5,6,5,8,1,3,6,3,5,2,5,4,9,4,4,9,11,4,1,12,1,11,7,9,8,2,5,15,7,7,5,2,7,9,,1,6,10,10,5,14,3,10,1,3,6,7,4,1,,,,,,,,,,,,,,21,,,,,,,,,,,,
Aチャンネル,5,5,False,1,False,False,1,1,False,5,1,False,1,False,8,False,False,5,False,False,False,False,False,False,9,5,9,5,1,False,False,5,1,False,False,9,False,False,5,False,1,False,5,False,False,False,False,False,5,False,5,False,False,False,False,False,5,False,5,False,9,False,False,9,False,False,1,False,1,False,False,9,False,False,5,False,False,False,5,False,False,False,,1,False,False,False,5,False,False,False,1,False,False,False,False,1,,,,,,,,,,,,,,False,,,,,,,,,,,,
キルミー,6,2,6,2,1,7,7,2,3,2,3,3,2,2,11,,1,2,3,2,4,3,3,2,3,3,2,2,2,1,2,9,4,2,4,5,10,2,3,3,5,4,2,1,8,3,7,,2,3,3,3,2,2,3,8,10,,6,5,3,3,12,3,4,2,5,2,16,,3,10,5,12,6,4,10,4,12,12,5,11,11,,3,6,9,7,8,9,7,4,4,9,16,11,,10,,9,13,1,6,7,4,7,2,2,11,3,11,13,7,6,4,3,4,5,3,10,7,3,15
キルミー,False,False,False,False,1,False,False,False,False,False,False,False,False,False,11,,False,False,False,False,False,False,False,False,False,False,False,False,False,1,False,9,False,False,False,5,False,False,False,False,5,False,False,False,False,False,False,,False,False,False,False,False,False,False,False,False,,False,5,False,False,False,False,False,False,5,False,False,,False,False,5,False,False,False,False,False,False,False,5,False,False,,False,False,9,False,False,9,False,False,False,False,False,False,,False,,False,False,1,False,False,False,7,False,False,False,False,11,False,False,False,False,False,4,False,False,10,False,False,15
NEWGAME,,,17,14,22,,8,13,14,7,13,7,7,4,9,5,3,7,8,4,9,4,7,1,2,6,14,6,9,4,13,2,3,1,2,1,2,1,1,2,2,1,1,2,1,1,1,1,3,2,6,1,5,9,5,1,1,1,4,3,5,2,5,2,1,7,9,3,6,1,2,5,2,5,4,3,5,6,1,5,6,3,4,4,4,4,5,4,7,2,1,3,2,5,6,3,2,2,1,6,1,2,2,5,3,1,,,,,,,,,,,,,,,,,
NEWGAME,,,False,False,False,,8,13,False,False,13,False,False,False,False,5,False,False,False,False,False,False,False,1,False,False,False,False,9,False,13,False,False,1,False,1,False,1,1,False,False,1,1,False,False,False,False,False,False,False,False,False,5,9,5,False,False,False,False,3,5,2,5,False,False,False,9,False,False,1,False,5,False,5,False,False,5,False,1,5,False,False,4,False,False,False,5,False,False,False,1,False,False,5,False,False,False,False,1,False,1,False,False,5,False,1,,,,,,,,,,,,,,,,,
ブレンド・S,,,,,,,,,,15,17,,,5,,9,7,6,7,12,5,7,8,12,6,2,5,3,17,,4,3,11,9,3,7,4,7,2,5,3,,6,6,9,6,4,3,4,1,1,5,3,5,1,5,2,5,1,1,1,1,2,5,3,1,,1,13,2,5,6,10,11,9,16,4,5,11,6,8,4,12,7,10,5,11,8,9,6,11,13,7,10,11,5,4,7,5,3,4,4,4,1,11,10,12,3,3,12,2,1,3,1,,,,,,,,,
ブレンド・S,,,,,,,,,,False,False,,,5,,9,False,False,False,False,5,False,False,False,False,False,5,False,17,,False,False,False,9,False,False,False,False,False,5,False,,False,False,9,6,4,False,False,False,False,5,False,5,False,False,False,5,False,False,False,False,False,5,False,1,,1,13,False,5,False,False,False,9,False,False,5,False,False,False,4,False,False,False,5,False,False,9,False,False,13,False,False,False,5,False,False,False,False,4,False,False,1,False,False,12,False,False,12,False,1,False,1,,,,,,,,,
アニマ,,,,,,,,,,,,,,,,,,,,,,,,,,,,,,,,,,,,,,,,9,10,10,13,14,16,14,16,12,16,16,8,9,12,14,12,17,11,8,15,15,6,8,1,6,6,8,6,10,2,5,1,1,1,1,2,5,6,10,9,,9,14,6,9,8,9,12,18,17,8,,18,8,8,,,,,,,,,,,,,,,,,,,,,,,,,,,,,
アニマ,,,,,,,,,,,,,,,,,,,,,,,,,,,,,,,,,,,,,,,,9,False,False,13,False,False,False,False,False,False,False,False,9,False,False,False,False,False,False,15,False,False,False,False,False,6,False,False,False,False,5,1,1,1,1,False,5,False,False,9,,9,False,False,9,False,9,False,False,17,False,,False,False,8,,,,,,,,,,,,,,,,,,,,,,,,,,,,,
まぞく,,,,,,,,,,,,,,,,,,,,17,11,,5,7,7,10,6,13,10,7,7,7,12,11,7,3,5,4,4,13,8,6,8,4,12,7,3,5,7,8,16,4,17,4,2,7,4,11,13,2,8,13,10,8,13,14,2,13,15,3,6,13,3,7,1,2,2,1,2,1,1,1,1,,,,7,6,10,1,3,2,,1,3,2,7,4,,5,3,3,,,10,6,,,,,,,21,10,,,,,,,,,
まぞく,,,,,,,,,,,,,,,,,,,,False,11,,5,False,False,False,False,13,False,False,False,False,False,False,False,False,5,False,False,13,False,False,False,False,False,False,False,5,7,False,False,False,17,False,False,False,False,False,13,False,False,13,10,False,13,False,False,13,False,False,False,13,False,False,1,False,False,1,False,1,1,1,1,,,,False,False,False,1,False,False,,1,False,False,False,False,,5,False,False,,,False,False,,,,,,,False,False,,,,,,,,,
恋アス,,,,,,,,,,,,,,,,,,,,,,,,,,,,,,,,,,,,,,,,,,,,,,,,,,,17,14,7,10,16,14,7,14,11,6,17,15,16,10,5,11,11,9,10,10,8,3,15,3,10,1,3,2,3,,3,2,2,2,5,2,2,1,2,5,4,11,9,,13,8,12,6,11,13,9,,5,,8,11,,,,1,6,5,,12,3,7,8,,4,3,5,,1
恋アス,,,,,,,,,,,,,,,,,,,,,,,,,,,,,,,,,,,,,,,,,,,,,,,,,,,17,False,False,False,False,14,7,False,False,False,17,False,False,False,5,False,False,9,False,False,False,False,False,False,False,1,False,False,False,,False,False,False,False,5,False,False,1,False,5,False,False,9,,False,False,12,False,False,False,False,,5,,False,11,,,,1,False,False,,12,False,False,8,,False,3,False,,1
おちフル,,,,,,,,,,,,,,,,,,,,,,,,,5,7,8,,,,9,4,10,6,11,8,13,3,8,4,4,9,3,7,4,8,10,7,9,11,7,2,6,7,9,4,8,3,10,11,2,11,6,,2,12,14,5,8,4,9,4,14,6,3,6,1,3,4,10,4,6,3,5,2,,6,3,6,,2,5,6,2,1,1,5,1,4,10,2,6,3,2,12,4,4,1,10,,13,11,4,3,13,10,12,3,14,9,6,2,2
おちフル,,,,,,,,,,,,,,,,,,,,,,,,,5,False,False,,,,9,False,False,False,False,False,13,False,False,False,False,9,False,False,False,False,False,False,9,False,False,False,False,False,9,False,False,False,False,False,False,False,False,,False,False,False,5,False,False,9,False,False,False,False,False,1,False,False,False,False,False,False,5,False,,False,False,False,,False,5,False,False,1,1,5,1,False,False,False,False,False,False,False,False,False,1,False,,False,11,False,False,False,False,12,False,False,False,6,False,False
RPG,,,,,,,,,,,,,,,,,,,,,,,,,,,,,,,,,,,,,,,,,,,,,,,,,,,,,,,,,,,,,,,,,,17,7,8,5,6,15,8,9,4,14,13,14,9,7,4,10,12,8,6,12,1,4,10,4,4,,,10,4,12,6,8,3,7,1,5,7,1,3,2,2,5,6,1,2,1,2,1,2,1,2,,2,2,2,11,9,10
RPG,,,,,,,,,,,,,,,,,,,,,,,,,,,,,,,,,,,,,,,,,,,,,,,,,,,,,,,,,,,,,,,,,,17,False,False,5,False,False,False,9,False,False,13,False,9,False,False,False,12,False,False,False,1,False,False,False,False,,,False,False,False,False,8,False,False,1,False,False,1,False,False,False,5,False,1,False,1,False,1,False,1,False,,False,False,False,False,False,False
はるみ,7,14,12,7,12,8,18,12,12,9,7,8,8,8,3,8,10,17,16,7,19,18,18,15,11,8,15,9,4,11,11,11,8,8,8,12,17,11,11,14,14,14,14,15,14,9,14,14,11,19,18,12,14,15,7,15,12,6,14,16,7,7,7,13,18,21,16,21,7,7,16,20,18,14,19,22,24,19,8,8,,,,,,,,,,,,,,,,,,,,,,,,,,,,,,,,,,,,,,,,,,,
はるみ,False,False,False,False,False,False,False,False,False,9,False,False,False,False,False,False,False,17,False,False,False,False,False,False,False,False,False,9,False,False,False,False,False,False,False,False,17,False,False,False,False,False,False,False,False,9,False,False,False,False,False,False,False,False,False,False,False,False,False,False,False,False,False,13,False,False,False,False,False,False,False,False,False,False,False,False,False,False,False,8,,,,,,,,,,,,,,,,,,,,,,,,,,,,,,,,,,,,,,,,,,,
ごきチャ,3,9,3,6,5,4,2,4,5,3,6,10,5,7,2,3,9,4,4,5,6,8,4,8,12,15,4,15,11,5,10,10,25,5,10,14,8,10,14,11,18,15,7,13,,,,,,,,,,,,,,,,,,,,,,,,,,,,,,,,,,,,,,,,,,,,,,,,,,,,,,,,,,,,,,,,,,,,,,,,,,,,,,,
ごきチャ,False,9,False,False,5,False,False,False,5,False,False,False,5,False,False,False,9,False,False,5,False,False,False,False,False,False,False,False,False,5,False,False,False,5,False,False,False,False,False,False,False,False,False,13,,,,,,,,,,,,,,,,,,,,,,,,,,,,,,,,,,,,,,,,,,,,,,,,,,,,,,,,,,,,,,,,,,,,,,,,,,,,,,,
ぱわーおぶすまいる,4,3,10,4,10,3,5,3,8,12,9,4,3,12,15,4,12,8,5,10,10,10,11,10,13,14,12,14,14,17,18,,5,14,16,13,11,14,18,15,21,21,10,21,21,13,,,,,,,,,,,,,,,,,,,,,,,,,,,,,,,,,,,,,,,,,,,,,,,,,,,,,,,,,,,,,,,,,,,,,,,,,,,,,
ぱわーおぶすまいる,False,False,False,4,10,False,5,False,False,False,9,False,False,False,15,False,False,False,5,False,False,False,False,False,13,False,False,False,False,17,False,,5,False,False,13,False,False,False,False,False,False,False,False,False,13,,,,,,,,,,,,,,,,,,,,,,,,,,,,,,,,,,,,,,,,,,,,,,,,,,,,,,,,,,,,,,,,,,,,,,,,,,,,,
異なる次元の管理人さん,,,,,,,,,,,,,,,,,,,,,,,,,,,,17,8,6,14,6,18,20,18,20,19,19,21,16,9,11,,11,6,5,8,4,13,15,10,10,8,13,18,16,20,17,18,22,21,21,,21,21,24,23,22,9,21,20,14,13,16,18,21,8,,21,16,16,16,23,10,9,11,13,17,15,17,16,,18,15,8,12,,,,,,,,,,,,,,,,,,,,,,,,,,,
異なる次元の管理人さん,,,,,,,,,,,,,,,,,,,,,,,,,,,,17,False,False,False,False,False,False,False,False,False,False,False,False,9,False,,False,False,5,False,False,13,False,False,False,False,13,False,False,False,17,False,False,False,False,,False,False,False,False,False,9,False,False,False,13,False,False,False,8,,False,False,False,False,False,False,9,False,13,False,False,17,False,,False,False,False,12,,,,,,,,,,,,,,,,,,,,,,,,,,,
すわすわ,,,,,,,,,,,,,,,,,,,,,,13,14,18,,,13,7,7,9,8,14,14,16,14,4,9,6,6,17,12,7,,9,3,11,6,9,6,5,4,7,4,1,14,13,14,7,7,10,10,6,9,4,16,15,13,15,4,15,14,7,11,8,,9,,,,,,,,,,,,,,,,,,,,,,,,,,,,,,,,,,,,,,,,,,,,,,,
すわすわ,,,,,,,,,,,,,,,,,,,,,,13,False,False,,,13,False,False,9,False,False,False,False,False,False,9,False,False,17,False,False,,9,False,False,False,9,False,5,False,False,False,False,False,False,False,False,False,False,False,False,9,False,False,False,13,False,False,False,False,False,False,8,,9,,,,,,,,,,,,,,,,,,,,,,,,,,,,,,,,,,,,,,,,,,,,,,,
精霊さまの難儀な日常 ,,,,,,,,,,,,,,,,,,,,,,,,,,,,,,,,,,,,,,,,,,,,,,,,,,,,,,,,,,,,13,14,12,,,,5,4,6,11,8,13,12,6,13,12,8,17,13,14,7,14,8,19,14,1,7,14,9,11,14,18,19,14,7,5,,,,,,,,,,,,,,,,,,,,,,,,,,,,
精霊さまの難儀な日常 ,,,,,,,,,,,,,,,,,,,,,,,,,,,,,,,,,,,,,,,,,,,,,,,,,,,,,,,,,,,,13,False,False,,,,5,False,False,False,False,13,False,False,13,False,False,False,13,False,False,False,8,False,False,1,False,False,9,False,False,False,False,False,False,5,,,,,,,,,,,,,,,,,,,,,,,,,,,,
しずねちゃんは今日も眠れない,,,,,,,,,,,,,,,,,,,,,,,,,,,,,,,,,,,,,,,,,,,,,,,,,,,,,,,,,,,,,,,,,,,,,,,,,,,,,,,,,,,18,,,20,,14,,,9,7,11,13,17,15,14,12,8,4,7,12,10,13,13,,7,13,12,11,14,12,22,16,,,,,,,,,
しずねちゃんは今日も眠れない,,,,,,,,,,,,,,,,,,,,,,,,,,,,,,,,,,,,,,,,,,,,,,,,,,,,,,,,,,,,,,,,,,,,,,,,,,,,,,,,,,,False,,,False,,False,,,9,False,False,13,False,False,False,False,8,False,False,12,False,False,13,,False,False,12,False,False,False,False,16,,,,,,,,,
死神ドットコム,,,,,,,,,,,,,,,,,,,,,,,,,,,,,,,,,,,,,,,,,,,,,,,,,,,,,,,,,,,,,,,,,,,,,,,,,,,,,,,,,,,,,,,,,,,,,,,,16,16,18,,12,10,9,9,11,18,13,8,9,8,8,5,10,16,19,7,13,,14,15,16,19,12,
死神ドットコム,,,,,,,,,,,,,,,,,,,,,,,,,,,,,,,,,,,,,,,,,,,,,,,,,,,,,,,,,,,,,,,,,,,,,,,,,,,,,,,,,,,,,,,,,,,,,,,,False,16,False,,12,False,False,9,False,False,False,8,False,False,8,False,False,16,False,False,False,,14,False,False,False,12,
mono,,,,,,,,,,,,,,,,,,,,,,,,,,,,,,,,,,,,,,,,,,,,,,,,,,,,,,,,,,,,,,5,3,7,8,6,3,7,3,17,4,17,4,,11,10,9,11,,13,15,13,7,3,,3,1,2,3,,6,10,5,3,4,10,3,,2,2,6,,7,4,7,,3,,2,,7,9,,11,5,5,5,,9,1,2,13,
mono,,,,,,,,,,,,,,,,,,,,,,,,,,,,,,,,,,,,,,,,,,,,,,,,,,,,,,,,,,,,,,5,False,False,False,False,False,False,False,17,False,17,False,,False,False,False,False,,13,False,False,False,False,,False,1,False,False,,False,False,5,False,False,False,False,,False,False,False,,False,False,False,,False,,False,,False,False,,False,5,False,False,,False,1,False,False,
ばっどがーる,,,,,,,,,,,,,,,,,,,,,,,,,,,,,,,,,,,,,,,,,,,,,,,,,,,,,,,,,,,,,,,,,,,,,,,,,,,,,,,,,,,,,,,,,,,,,,,,,,5,10,14,8,10,11,9,9,9,6,14,7,4,4,6,9,8,2,6,1,9,6,5,1,4,3
ばっどがーる,,,,,,,,,,,,,,,,,,,,,,,,,,,,,,,,,,,,,,,,,,,,,,,,,,,,,,,,,,,,,,,,,,,,,,,,,,,,,,,,,,,,,,,,,,,,,,,,,,5,False,False,8,False,False,False,9,False,False,14,False,False,4,False,False,8,False,False,1,False,False,False,1,False,False
つむつき,,,,,,,,,,,,,,,,,,,,,,,,,,,,,,,,,,,,,,,,,,,,,,,,,,,,,,,,,,,,,,,,,,,,,,,,,,,,,,,,,17,7,9,11,15,13,,19,1,7,8,9,1,,9,9,6,8,6,7,14,14,,6,6,3,1,7,4,5,12,3,12,7,,8,,1,,,,5,16
つむつき,,,,,,,,,,,,,,,,,,,,,,,,,,,,,,,,,,,,,,,,,,,,,,,,,,,,,,,,,,,,,,,,,,,,,,,,,,,,,,,,,17,False,9,False,False,13,,False,1,False,False,9,1,,False,9,False,False,6,False,False,False,,False,False,3,1,False,False,5,False,False,12,False,,8,,1,,,,False,False
またぞろ,,,,,,,,,,,,,,,,,,,,,,,,,,,,,,,,,,,,,,,,,,,,,,,,,,,,,,,,,,,,,,,,,,,,,,,,,,,,,,,,,,,,20,,19,,15,,10,,17,12,12,10,14,13,17,9,8,,8,8,10,5,8,16,4,6,16,10,21,5,13,,4,3,8,11,14,3,7,4
またぞろ,,,,,,,,,,,,,,,,,,,,,,,,,,,,,,,,,,,,,,,,,,,,,,,,,,,,,,,,,,,,,,,,,,,,,,,,,,,,,,,,,,,,False,,False,,False,,False,,17,False,False,10,False,False,False,False,8,,8,False,False,5,False,16,False,False,16,False,False,5,False,,4,False,False,False,14,3,False,False
